dataset,image,label,color,brand,ts
person-vehicle-bike-detection-2002,16523646917347274.png,Car,White,Unkown,2022-05-12 14:11:31.734
person-vehicle-bike-detection-2002,16523648186501765.png,Car,Green,Volvo,2022-05-12 14:13:38.650
vehicle-detection-0202,16524295157745514.png,Car,Black,Opel,2022-05-13 08:11:55.774
person-vehicle-bike-detection-2002,16523646988498886.png,Car,Brown,Kia,2022-05-12 14:11:38.849
vehicle-detection-0202,16524294130106616.png,Van,White,Volkswagen,2022-05-13 08:10:13.010
XenseDataset_1_0,1651503375142099.png,Truck,Black,Scania,2022-05-02 14:56:15.142
person-vehicle-bike-detection-2002,16523648130195022.png,Caravan,White,Unkown,2022-05-12 14:13:33.019
person-vehicle-bike-detection-2002,16523647299776216.png,Car,Silver,Peugeot,2022-05-12 14:12:09.977
vehicle-detection-0202,16524294221593177.png,Car,Blue,Toyota,2022-05-13 08:10:22.159
vehicle-detection-0202,1652429434597464.png,Truck,Orange,Man,2022-05-13 08:10:34.597
vehicle-detection-0202,16524295570640738.png,Car,Black,Kia,2022-05-13 08:12:37.064
vehicle-detection-0202,16524294259607236.png,Truck,Red,Renault,2022-05-13 08:10:25.960
vehicle-detection-0202,16524294787559118.png,Car,Black,Volvo,2022-05-13 08:11:18.755
person-vehicle-bike-detection-2002,16523650851919272.png,Van,White,Volkswagen,2022-05-12 14:18:05.191
person-vehicle-bike-detection-2002,16523647145953617.png,Car,Grey,Renualt,2022-05-12 14:11:54.595
vehicle-detection-0202,16524294937761743.png,Van,White,Nissan,2022-05-13 08:11:33.776
person-vehicle-bike-detection-2002,16523648014663026.png,Car,Silver,Mitsubishi,2022-05-12 14:13:21.466
person-vehicle-bike-detection-2002,1652365014769212.png,Trailer,White,Unkown,2022-05-12 14:16:54.769
person-vehicle-bike-detection-2002,16523646819760811.png,Car,Black,Audi,2022-05-12 14:11:21.976
vehicle-detection-0202,16524295049758859.png,Truck,Grey,Scania,2022-05-13 08:11:44.975
XenseDataset_1_0,1651503359688247.png,Bus,White,Man,2022-05-02 14:55:59.688
vehicle-detection-0202,1652429568590518.png,Van,White,Peugeot,2022-05-13 08:12:48.590
vehicle-detection-0202,1652429490448334.png,Car,White,Volvo,2022-05-13 08:11:30.448
vehicle-detection-0202,16524294095125434.png,Van,Silver,Volkswagen,2022-05-13 08:10:09.512
person-vehicle-bike-detection-2002,16523651059464395.png,Truck,White,Unkown,2022-05-12 14:18:25.946
person-vehicle-bike-detection-2002,16523648549103017.png,Car,Red,Volvo,2022-05-12 14:14:14.910
XenseDataset_1_0,1651502418496781.png,Car,Blue,Ford,2022-05-02 14:40:18.496
person-vehicle-bike-detection-2002,16523648266982644.png,Car,Grey,Toyota,2022-05-12 14:13:46.698
vehicle-detection-0202,16524294285941668.png,Car,White,Toyota,2022-05-13 08:10:28.594
vehicle-detection-0202,1652429516494957.png,Car,White,Audi,2022-05-13 08:11:56.494
vehicle-detection-0202,16524294904431949.png,Car,White,Honda,2022-05-13 08:11:30.443
person-vehicle-bike-detection-2002,16523649492499008.png,Truck,Black,Scania,2022-05-12 14:15:49.249
vehicle-detection-0202,16524295937993836.png,Car,Black,Skoda,2022-05-13 08:13:13.799
XenseDataset_1_0,16515032636075149.png,Truck,Black,Scania,2022-05-02 14:54:23.607
vehicle-detection-0202,1652429488119561.png,Car,Grey,Volvo,2022-05-13 08:11:28.119
person-vehicle-bike-detection-2002,16523648092781663.png,Car,Silver,Volkswagen,2022-05-12 14:13:29.278
vehicle-detection-0202,16524294460962803.png,Car,Black,Kia,2022-05-13 08:10:46.096
person-vehicle-bike-detection-2002,16523650888478317.png,Van,White,Nissan,2022-05-12 14:18:08.847
person-vehicle-bike-detection-2002,1652364652390096.png,Truck,White,MAN,2022-05-12 14:10:52.390
vehicle-detection-0202,16524294364885519.png,Car,Silver,Volvo,2022-05-13 08:10:36.488
vehicle-detection-0202,16524295582120407.png,Car,Grey,Volkswagen,2022-05-13 08:12:38.212
vehicle-detection-0202,16524295844930136.png,Car,White,Renault,2022-05-13 08:13:04.493
person-vehicle-bike-detection-2002,16523647430177844.png,Car,Grey,Volvo,2022-05-12 14:12:23.017
person-vehicle-bike-detection-2002,16523649598508713.png,Truck,Red,Unkown,2022-05-12 14:15:59.850
vehicle-detection-0202,16524295289663408.png,Car,Grey,Toyota,2022-05-13 08:12:08.966
person-vehicle-bike-detection-2002,16523649205545459.png,Car,Red,Unkown,2022-05-12 14:15:20.554
vehicle-detection-0202,1652429453418217.png,Car,Grey,Toyota,2022-05-13 08:10:53.418
vehicle-detection-0202,16524295132196338.png,Car,Black,Mustang,2022-05-13 08:11:53.219
person-vehicle-bike-detection-2002,16523647379723341.png,Trailer,White,Unkown,2022-05-12 14:12:17.972
vehicle-detection-0202,16524294852635605.png,Car,Blue,Volkswagen,2022-05-13 08:11:25.263
person-vehicle-bike-detection-2002,16523647213215618.png,Car,Black,Volvo,2022-05-12 14:12:01.321
vehicle-detection-0202,16524295005382051.png,Van,White,Volkswagen,2022-05-13 08:11:40.538
vehicle-detection-0202,16524295211092076.png,Van,Grey,Volkswagen,2022-05-13 08:12:01.109
person-vehicle-bike-detection-2002,16523649983108537.png,Car,White,Seat,2022-05-12 14:16:38.310
vehicle-detection-0202,16524295919267528.png,Truck,Blue,Scania,2022-05-13 08:13:11.926
vehicle-detection-0202,1652429555952345.png,Car,Silver,Renault,2022-05-13 08:12:35.952
vehicle-detection-0202,1652429496223927.png,Car,Black,Volkswagen,2022-05-13 08:11:36.223
person-vehicle-bike-detection-2002,1652364919137294.png,Truck,White,Unkown,2022-05-12 14:15:19.137
vehicle-detection-0202,1652429428936313.png,Car,White,Toyota,2022-05-13 08:10:28.936
vehicle-detection-0202,16524294116199872.png,Van,White,Audi,2022-05-13 08:10:11.619
person-vehicle-bike-detection-2002,16523649557071927.png,Car,White,BMW,2022-05-12 14:15:55.707
person-vehicle-bike-detection-2002,1652364676069022.png,Car,Red,Kia,2022-05-12 14:11:16.069
XenseDataset_1_0,1651503342941292.png,Bus,White,Man,2022-05-02 14:55:42.941
person-vehicle-bike-detection-2002,16523648374101176.png,Trailer,White,Unkown,2022-05-12 14:13:57.410
vehicle-detection-0202,1652429543356241.png,Car,Black,Kia,2022-05-13 08:12:23.356
person-vehicle-bike-detection-2002,16523650054781246.png,Car,Red,Subaru,2022-05-12 14:16:45.478
person-vehicle-bike-detection-2002,16523647095923393.png,Car,White,Volvo,2022-05-12 14:11:49.592
person-vehicle-bike-detection-2002,1652364880776982.png,Van,White,Ford,2022-05-12 14:14:40.776
person-vehicle-bike-detection-2002,16523649642585006.png,Trailer,White,Unkown,2022-05-12 14:16:04.258
vehicle-detection-0202,16524294182856574.png,Car,White,Toyota,2022-05-13 08:10:18.285
vehicle-detection-0202,16524295311251724.png,Car,White,Volvo,2022-05-13 08:12:11.125
vehicle-detection-0202,16524295300051403.png,Van,Silver,Citroen,2022-05-13 08:12:10.005
XenseDataset_1_0,16515032691675441.png,Truck,Black,Scania,2022-05-02 14:54:29.167
person-vehicle-bike-detection-2002,16523646739353514.png,Car,Black,Ford,2022-05-12 14:11:13.935
vehicle-detection-0202,1652429601431943.png,Bus,White,Mercedes,2022-05-13 08:13:21.431
vehicle-detection-0202,16524294256290364.png,Car,Grey,Unkown,2022-05-13 08:10:25.629
person-vehicle-bike-detection-2002,16523650335510983.png,Car,Black,Peugeot,2022-05-12 14:17:13.551
person-vehicle-bike-detection-2002,16523648010889091.png,Car,Red,Volkswagen,2022-05-12 14:13:21.088
XenseDataset_1_0,1651503342464041.png,Car,Gray,Volvo,2022-05-02 14:55:42.464
vehicle-detection-0202,16524294334186842.png,Van,Grey,Volkswagen,2022-05-13 08:10:33.418
vehicle-detection-0202,1652429555501458.png,Car,Black,Mercedes,2022-05-13 08:12:35.501
person-vehicle-bike-detection-2002,1652364891538069.png,Car,Red,Volvo,2022-05-12 14:14:51.538
person-vehicle-bike-detection-2002,16523647066083546.png,Car,Black,Audi,2022-05-12 14:11:46.608
vehicle-detection-0202,16524295064615498.png,Car,White,Volvo,2022-05-13 08:11:46.461
person-vehicle-bike-detection-2002,16523647447486129.png,Car,White,Unkown,2022-05-12 14:12:24.748
person-vehicle-bike-detection-2002,16523649322263355.png,Van,White,Volkswagen,2022-05-12 14:15:32.226
vehicle-detection-0202,16524294901037693.png,Car,White,Volvo,2022-05-13 08:11:30.103
person-vehicle-bike-detection-2002,16523648819350367.png,Car,Grey,Nissan,2022-05-12 14:14:41.935
vehicle-detection-0202,16524295675301957.png,Car,Silver,Kia,2022-05-13 08:12:47.530
vehicle-detection-0202,16524295153451195.png,Car,Black,Volvo,2022-05-13 08:11:55.345
vehicle-detection-0202,16524294565500429.png,Car,Silver,Volvo,2022-05-13 08:10:56.550
vehicle-detection-0202,16524294845758784.png,Car,Silver,Volkswagen,2022-05-13 08:11:24.575
vehicle-detection-0202,1652429589115165.png,Van,White,Citroen,2022-05-13 08:13:09.115
vehicle-detection-0202,16524294565437284.png,Car,White,Volvo,2022-05-13 08:10:56.543
vehicle-detection-0202,16524294969199848.png,Car,Black,Volvo,2022-05-13 08:11:36.919
vehicle-detection-0202,16524294349208972.png,Truck,White,Man,2022-05-13 08:10:34.920
vehicle-detection-0202,16524294022865846.png,Car,Black,Volkswagen,2022-05-13 08:10:02.286
XenseDataset_1_0,16515017093567622.png,Car,Yellow,Mercedes,2022-05-02 14:28:29.356
vehicle-detection-0202,1652429573013973.png,Car,Blue,Mazda,2022-05-13 08:12:53.013
person-vehicle-bike-detection-2002,16523649403375955.png,Car,Red,Ford,2022-05-12 14:15:40.337
vehicle-detection-0202,16524295456464446.png,Trailer,White,Scania,2022-05-13 08:12:25.646
person-vehicle-bike-detection-2002,16523650035027983.png,Truck,Red,MAN,2022-05-12 14:16:43.502
vehicle-detection-0202,16524295722022357.png,Truck,White,Scania,2022-05-13 08:12:52.202
person-vehicle-bike-detection-2002,16523650339208703.png,Car,Black,Volkswagen,2022-05-12 14:17:13.920
person-vehicle-bike-detection-2002,16523650585667863.png,Van,White,Unkown,2022-05-12 14:17:38.566
vehicle-detection-0202,1652429446458816.png,Van,Grey,Volkswagen,2022-05-13 08:10:46.458
vehicle-detection-0202,16524294816331556.png,Car,Black,BMW,2022-05-13 08:11:21.633
person-vehicle-bike-detection-2002,16523650980217557.png,Car,Black,Seat,2022-05-12 14:18:18.021
person-vehicle-bike-detection-2002,165236490689946.png,Car,Grey,Opel,2022-05-12 14:15:06.899
vehicle-detection-0202,1652429478739739.png,Car,Blue,Volkswagen,2022-05-13 08:11:18.739
person-vehicle-bike-detection-2002,16523650270255845.png,Van,White,Ford,2022-05-12 14:17:07.025
vehicle-detection-0202,1652429488530054.png,Car,Grey,Volkswagen,2022-05-13 08:11:28.530
vehicle-detection-0202,16524295949666178.png,Truck,White,Scania,2022-05-13 08:13:14.966
XenseDataset_1_0,16515017241883361.png,Car,White,Mercedes,2022-05-02 14:28:44.188
vehicle-detection-0202,16524295376417017.png,Car,Grey,Volvo,2022-05-13 08:12:17.641
vehicle-detection-0202,16524294941042542.png,Car,Silver,Volkswagen,2022-05-13 08:11:34.104
person-vehicle-bike-detection-2002,16523650775350251.png,Trailer,Grey,Unkown,2022-05-12 14:17:57.535
person-vehicle-bike-detection-2002,16523646505901198.png,Car,Black,Volkswagen,2022-05-12 14:10:50.590
vehicle-detection-0202,16524295355195055.png,Car,Black,Volvo,2022-05-13 08:12:15.519
person-vehicle-bike-detection-2002,16523648792216332.png,Car,Blue,Volkswagen,2022-05-12 14:14:39.221
vehicle-detection-0202,16524295704120483.png,Car,White,Citroen,2022-05-13 08:12:50.412
vehicle-detection-0202,16524295894850962.png,Trailer,Grey,Unkown,2022-05-13 08:13:09.485
person-vehicle-bike-detection-2002,16523647050081236.png,Car,Silver,Skoda,2022-05-12 14:11:45.008
vehicle-detection-0202,16524295554809127.png,Van,Green,Volkswagen,2022-05-13 08:12:35.480
person-vehicle-bike-detection-2002,16523650114250631.png,Car,White,Nissan,2022-05-12 14:16:51.425
person-vehicle-bike-detection-2002,16523651133350372.png,Car,Grey,Volvo,2022-05-12 14:18:33.335
vehicle-detection-0202,16524296039682221.png,Pickup,Blue,Toyota,2022-05-13 08:13:23.968
vehicle-detection-0202,1652429589463685.png,Van,White,Citroen,2022-05-13 08:13:09.463
person-vehicle-bike-detection-2002,1652364808603741.png,Van,White,Renualt,2022-05-12 14:13:28.603
vehicle-detection-0202,16524295497274446.png,Car,Black,Toyota,2022-05-13 08:12:29.727
vehicle-detection-0202,16524295225739872.png,Car,Black,Jeep,2022-05-13 08:12:02.573
person-vehicle-bike-detection-2002,1652364871908965.png,Van,Silver,Unkown,2022-05-12 14:14:31.908
vehicle-detection-0202,16524294189747992.png,Car,Silver,Volvo,2022-05-13 08:10:18.974
person-vehicle-bike-detection-2002,16523649246297612.png,Truck,Red,Unkown,2022-05-12 14:15:24.629
vehicle-detection-0202,16524295685852263.png,Car,White,Ford,2022-05-13 08:12:48.585
vehicle-detection-0202,16524295518482368.png,Car,Grey,Volkswagen,2022-05-13 08:12:31.848
vehicle-detection-0202,16524294393148427.png,Trailer,Grey,Unkown,2022-05-13 08:10:39.314
vehicle-detection-0202,16524295351742074.png,Car,Black,Volvo,2022-05-13 08:12:15.174
person-vehicle-bike-detection-2002,16523648970771616.png,Car,Grey,Audi,2022-05-12 14:14:57.077
person-vehicle-bike-detection-2002,165236471301897.png,Car,Blue,Subaru,2022-05-12 14:11:53.018
person-vehicle-bike-detection-2002,16523650749338667.png,Van,White,Unkown,2022-05-12 14:17:54.933
person-vehicle-bike-detection-2002,1652364937261002.png,Truck,Blue,MAN,2022-05-12 14:15:37.261
vehicle-detection-0202,16524294245444896.png,Car,White,Renault,2022-05-13 08:10:24.544
person-vehicle-bike-detection-2002,16523650019481266.png,Van,White,Volkswagen,2022-05-12 14:16:41.948
vehicle-detection-0202,16524295414981241.png,Van,Black,Volkswagen,2022-05-13 08:12:21.498
person-vehicle-bike-detection-2002,16523646724233289.png,Car,Grey,Volvo,2022-05-12 14:11:12.423
vehicle-detection-0202,16524294561825135.png,Car,Silver,Volvo,2022-05-13 08:10:56.182
vehicle-detection-0202,16524294537811162.png,Car,Blue,Toyota,2022-05-13 08:10:53.781
vehicle-detection-0202,1652429475184631.png,Car,Grey,Volkswagen,2022-05-13 08:11:15.184
vehicle-detection-0202,16524294095035143.png,Pickup,Black,Ford,2022-05-13 08:10:09.503
vehicle-detection-0202,16524295964002085.png,Car,Black,Volvo,2022-05-13 08:13:16.400
vehicle-detection-0202,1652429450511023.png,Car,White,Volkswagen,2022-05-13 08:10:50.511
person-vehicle-bike-detection-2002,1652365022269436.png,Truck,Blue,Ford,2022-05-12 14:17:02.269
XenseDataset_1_0,1651503371795747.png,Truck,White,Scania,2022-05-02 14:56:11.795
vehicle-detection-0202,1652429469651644.png,Van,White,Renault,2022-05-13 08:11:09.651
person-vehicle-bike-detection-2002,16523646920975714.png,Car,Black,Volvo,2022-05-12 14:11:32.097
vehicle-detection-0202,16524294350054612.png,Car,Black,Volkswagen,2022-05-13 08:10:35.005
vehicle-detection-0202,16524294483235624.png,Car,Black,Volkswagen,2022-05-13 08:10:48.323
person-vehicle-bike-detection-2002,16523646634418013.png,Car,Silver,Opel,2022-05-12 14:11:03.441
person-vehicle-bike-detection-2002,16523649217622395.png,Car,Grey,Unkown,2022-05-12 14:15:21.762
person-vehicle-bike-detection-2002,16523647777201812.png,Van,Grey,Volkswagen,2022-05-12 14:12:57.720
vehicle-detection-0202,16524295817361093.png,Car,Silver,Ford,2022-05-13 08:13:01.736
vehicle-detection-0202,16524294436005898.png,Car,Red,Renault,2022-05-13 08:10:43.600
vehicle-detection-0202,16524295751511307.png,Car,Black,BMW,2022-05-13 08:12:55.151
person-vehicle-bike-detection-2002,16523649820238853.png,Car,White,Volkswagen,2022-05-12 14:16:22.023
vehicle-detection-0202,1652429587134173.png,Truck,Red,Volvo,2022-05-13 08:13:07.134
person-vehicle-bike-detection-2002,165236481986998.png,Truck,White,Unkown,2022-05-12 14:13:39.869
person-vehicle-bike-detection-2002,16523650289456084.png,Car,Grey,Peugeot,2022-05-12 14:17:08.945
vehicle-detection-0202,16524294794917061.png,Car,Black,Toyota,2022-05-13 08:11:19.491
XenseDataset_1_0,1651502420802355.png,Car,Red,Kia,2022-05-02 14:40:20.802
XenseDataset_1_0,165150242156966.png,Car,Yellow,Mercedes,2022-05-02 14:40:21.569
vehicle-detection-0202,16524295751217.png,Car,Black,Nissan,2022-05-13 08:12:55.121
person-vehicle-bike-detection-2002,16523649905200489.png,Car,Black,Volvo,2022-05-12 14:16:30.520
person-vehicle-bike-detection-2002,16523650694699478.png,Truck,White,DAF,2022-05-12 14:17:49.469
person-vehicle-bike-detection-2002,16523648962613595.png,Car,White,Ford,2022-05-12 14:14:56.261
vehicle-detection-0202,16524295225591476.png,Car,Blue,Volkswagen,2022-05-13 08:12:02.559
person-vehicle-bike-detection-2002,16523650517589357.png,Car,Black,Mercedes,2022-05-12 14:17:31.758
person-vehicle-bike-detection-2002,16523649128672874.png,Car,Silver,Volvo,2022-05-12 14:15:12.867
vehicle-detection-0202,165242949760306.png,Truck,White,Man,2022-05-13 08:11:37.603
person-vehicle-bike-detection-2002,16523649492151985.png,Truck,Black,Scania,2022-05-12 14:15:49.215
vehicle-detection-0202,16524295536862361.png,Car,White,Volvo,2022-05-13 08:12:33.686
XenseDataset_1_0,1651503343539679.png,Bus,White,Man,2022-05-02 14:55:43.539
vehicle-detection-0202,1652429483016808.png,Car,Grey,Nissan,2022-05-13 08:11:23.016
vehicle-detection-0202,1652429506866077.png,Van,White,Ford,2022-05-13 08:11:46.866
person-vehicle-bike-detection-2002,1652365052264016.png,Car,White,Audi,2022-05-12 14:17:32.264
vehicle-detection-0202,16524295304072187.png,Car,White,BMW,2022-05-13 08:12:10.407
XenseDataset_1_0,1651503347124521.png,Truck,Black,Scania,2022-05-02 14:55:47.124
vehicle-detection-0202,1652429477330404.png,Van,White,Volkswagen,2022-05-13 08:11:17.330
person-vehicle-bike-detection-2002,16523650072450068.png,Car,Black,Seat,2022-05-12 14:16:47.245
person-vehicle-bike-detection-2002,16523648301018114.png,Truck,White,Scania,2022-05-12 14:13:50.101
person-vehicle-bike-detection-2002,1652364723587212.png,Car,White,Citroen,2022-05-12 14:12:03.587
vehicle-detection-0202,16524295887399993.png,Car,Silver,Toyota,2022-05-13 08:13:08.739
vehicle-detection-0202,16524294341240654.png,Truck,Silver,Scania,2022-05-13 08:10:34.124
person-vehicle-bike-detection-2002,16523651091863914.png,Trailer,White,Unkown,2022-05-12 14:18:29.186
vehicle-detection-0202,1652429470750645.png,Trailer,Grey,Unkown,2022-05-13 08:11:10.750
person-vehicle-bike-detection-2002,1652365083784869.png,Van,White,Volkswagen,2022-05-12 14:18:03.784
person-vehicle-bike-detection-2002,16523647991410365.png,Van,Black,Unkown,2022-05-12 14:13:19.141
vehicle-detection-0202,16524295908949795.png,Car,Black,Toyota,2022-05-13 08:13:10.894
vehicle-detection-0202,16524294893223176.png,Car,White,Toyota,2022-05-13 08:11:29.322
vehicle-detection-0202,16524296036265428.png,Pickup,Blue,Toyota,2022-05-13 08:13:23.626
person-vehicle-bike-detection-2002,16523646593283157.png,Car,Silver,Mazda,2022-05-12 14:10:59.328
person-vehicle-bike-detection-2002,16523650435125453.png,Van,White,Fiat,2022-05-12 14:17:23.512
vehicle-detection-0202,16524295168625324.png,Car,Black,Peugeot,2022-05-13 08:11:56.862
person-vehicle-bike-detection-2002,1652364772575661.png,Car,Black,Opel,2022-05-12 14:12:52.575
vehicle-detection-0202,16524294087524757.png,Car,Black,Volvo,2022-05-13 08:10:08.752
vehicle-detection-0202,16524295578083315.png,Truck,Red,Scania,2022-05-13 08:12:37.808
vehicle-detection-0202,16524294368201542.png,Car,Blue,Honda,2022-05-13 08:10:36.820
person-vehicle-bike-detection-2002,16523649901785157.png,Car,Black,Volvo,2022-05-12 14:16:30.178
vehicle-detection-0202,16524294755187986.png,Car,Black,Volkswagen,2022-05-13 08:11:15.518
vehicle-detection-0202,16524295866985905.png,Truck,White,Volvo,2022-05-13 08:13:06.698
person-vehicle-bike-detection-2002,16523647115512524.png,Truck,White,Unkown,2022-05-12 14:11:51.551
vehicle-detection-0202,16524295927144396.png,Van,White,Mercedes,2022-05-13 08:13:12.714
person-vehicle-bike-detection-2002,16523647675799131.png,Truck,White,Unkown,2022-05-12 14:12:47.579
vehicle-detection-0202,16524295710837762.png,Car,White,Nissan,2022-05-13 08:12:51.083
person-vehicle-bike-detection-2002,16523646849423473.png,Van,Grey,Volkswagen,2022-05-12 14:11:24.942
person-vehicle-bike-detection-2002,1652365066377948.png,Truck,White,Unkown,2022-05-12 14:17:46.377
person-vehicle-bike-detection-2002,16523648711955845.png,Car,Black,Volkswagen,2022-05-12 14:14:31.195
person-vehicle-bike-detection-2002,16523647244339845.png,Trailer,Grey,Unkown,2022-05-12 14:12:04.433
person-vehicle-bike-detection-2002,1652365039549997.png,Car,Black,Volkswagen,2022-05-12 14:17:19.549
vehicle-detection-0202,16524294699779754.png,Car,White,Audi,2022-05-13 08:11:09.977
person-vehicle-bike-detection-2002,1652364976771535.png,Truck,Red,Scania,2022-05-12 14:16:16.771
vehicle-detection-0202,1652429444327691.png,Car,Red,Volvo,2022-05-13 08:10:44.327
vehicle-detection-0202,1652429442890141.png,Car,Grey,Mitsubishi,2022-05-13 08:10:42.890
vehicle-detection-0202,16524294063574905.png,Car,Silver,Renault,2022-05-13 08:10:06.357
person-vehicle-bike-detection-2002,16523646827509131.png,Car,Silver,Volvo,2022-05-12 14:11:22.750
person-vehicle-bike-detection-2002,1652364734283658.png,Car,Copper,Hyundai,2022-05-12 14:12:14.283
vehicle-detection-0202,16524296047523508.png,Car,Grey,Chevrolet,2022-05-13 08:13:24.752
person-vehicle-bike-detection-2002,16523648901561766.png,Van,White,Volkswagen,2022-05-12 14:14:50.156
person-vehicle-bike-detection-2002,1652364683086643.png,Car,Silver,Volvo,2022-05-12 14:11:23.086
vehicle-detection-0202,1652429537989362.png,Car,Grey,Volvo,2022-05-13 08:12:17.989
person-vehicle-bike-detection-2002,16523647394148653.png,Car,Silver,Unkown,2022-05-12 14:12:19.414
person-vehicle-bike-detection-2002,1652364789125862.png,Car,Brown,Volkswagen,2022-05-12 14:13:09.125
person-vehicle-bike-detection-2002,16523649471894805.png,Car,White,Volvo,2022-05-12 14:15:47.189
vehicle-detection-0202,16524295618525481.png,Car,Silver,Mercedes,2022-05-13 08:12:41.852
person-vehicle-bike-detection-2002,16523649261355286.png,Car,Silver,Audi,2022-05-12 14:15:26.135
vehicle-detection-0202,16524296043506935.png,Car,Grey,Toyota,2022-05-13 08:13:24.350
person-vehicle-bike-detection-2002,1652364932640205.png,Truck,Orange,Scania,2022-05-12 14:15:32.640
person-vehicle-bike-detection-2002,16523650626533318.png,Truck,White,Volvo,2022-05-12 14:17:42.653
person-vehicle-bike-detection-2002,16523650872415688.png,Car,White,Ford,2022-05-12 14:18:07.241
vehicle-detection-0202,1652429426642815.png,Trailer,White,Unkown,2022-05-13 08:10:26.642
vehicle-detection-0202,16524296043446336.png,Car,White,Hyundai,2022-05-13 08:13:24.344
person-vehicle-bike-detection-2002,1652365080521987.png,Car,Silver,Volkswagen,2022-05-12 14:18:00.521
vehicle-detection-0202,16524294472385666.png,Car,Black,Volvo,2022-05-13 08:10:47.238
person-vehicle-bike-detection-2002,1652365041944631.png,Car,Black,Audi,2022-05-12 14:17:21.944
vehicle-detection-0202,16524294907824073.png,Car,White,Volvo,2022-05-13 08:11:30.782
XenseDataset_1_0,1651503347849149.png,Car,Gray,Volvo,2022-05-02 14:55:47.849
vehicle-detection-0202,16524294036628048.png,Truck,White,Man,2022-05-13 08:10:03.662
person-vehicle-bike-detection-2002,16523650907074776.png,Truck,Red,Unkown,2022-05-12 14:18:10.707
person-vehicle-bike-detection-2002,16523646623414252.png,Van,White,Volkswagen,2022-05-12 14:11:02.341
person-vehicle-bike-detection-2002,16523650475453331.png,Trailer,White,Unkown,2022-05-12 14:17:27.545
person-vehicle-bike-detection-2002,16523649927225554.png,Car,Black,Volvo,2022-05-12 14:16:32.722
person-vehicle-bike-detection-2002,16523647032025695.png,Car,White,Unkown,2022-05-12 14:11:43.202
vehicle-detection-0202,16524295693014457.png,Pickup,Black,Toyota,2022-05-13 08:12:49.301
person-vehicle-bike-detection-2002,16523649373434563.png,Trailer,White,Unkown,2022-05-12 14:15:37.343
person-vehicle-bike-detection-2002,16523647061937025.png,Car,Brown,Toyota,2022-05-12 14:11:46.193
person-vehicle-bike-detection-2002,16523647274122338.png,Car,White,Volvo,2022-05-12 14:12:07.412
vehicle-detection-0202,16524295422592041.png,Truck,White,Scania,2022-05-13 08:12:22.259
person-vehicle-bike-detection-2002,16523650826799967.png,Car,Silver,Unkown,2022-05-12 14:18:02.679
person-vehicle-bike-detection-2002,16523649194893138.png,Car,White,Renualt,2022-05-12 14:15:19.489
person-vehicle-bike-detection-2002,16523649242217202.png,Car,White,Volvo,2022-05-12 14:15:24.221
XenseDataset_1_0,16515033358536918.png,Truck,Black,Scania,2022-05-02 14:55:35.853
person-vehicle-bike-detection-2002,1652364731189121.png,Truck,White,Volkswagen,2022-05-12 14:12:11.189
person-vehicle-bike-detection-2002,1652364669322618.png,Van,Black,Unkown,2022-05-12 14:11:09.322
vehicle-detection-0202,16524294856543872.png,Car,Blue,Volkswagen,2022-05-13 08:11:25.654
person-vehicle-bike-detection-2002,16523647174549103.png,Car,Red,Volvo,2022-05-12 14:11:57.454
person-vehicle-bike-detection-2002,16523646885853646.png,Car,Black,Audi,2022-05-12 14:11:28.585
vehicle-detection-0202,16524295960697567.png,Car,Black,Volvo,2022-05-13 08:13:16.069
person-vehicle-bike-detection-2002,1652364664938088.png,Car,White,Peugeot,2022-05-12 14:11:04.938
person-vehicle-bike-detection-2002,16523647612329679.png,Car,Red,Mercedes,2022-05-12 14:12:41.232
person-vehicle-bike-detection-2002,1652364873300123.png,Van,Grey,Peugeot,2022-05-12 14:14:33.300
vehicle-detection-0202,1652429519002558.png,Van,White,Ford,2022-05-13 08:11:59.002
vehicle-detection-0202,16524295618410125.png,Van,White,Peugeot,2022-05-13 08:12:41.841
vehicle-detection-0202,1652429401255009.png,Car,Black,Unkown,2022-05-13 08:10:01.255
person-vehicle-bike-detection-2002,16523649445575895.png,Car,Black,Audi,2022-05-12 14:15:44.557
person-vehicle-bike-detection-2002,16523648313457325.png,Car,White,Skoda,2022-05-12 14:13:51.345
vehicle-detection-0202,16524295468130121.png,Car,Black,Volvo,2022-05-13 08:12:26.813
vehicle-detection-0202,1652429557460974.png,Truck,Red,Scania,2022-05-13 08:12:37.460
person-vehicle-bike-detection-2002,16523649728154907.png,Car,White,Volvo,2022-05-12 14:16:12.815
vehicle-detection-0202,16524294050079513.png,Car,Silver,SAAB,2022-05-13 08:10:05.007
vehicle-detection-0202,16524294937834275.png,Car,Silver,Volkswagen,2022-05-13 08:11:33.783
vehicle-detection-0202,16524294133462005.png,Van,White,Volkswagen,2022-05-13 08:10:13.346
XenseDataset_1_0,1651502419571114.png,Bus,White,Renault,2022-05-02 14:40:19.571
XenseDataset_1_0,1651501798106059.png,Car,Yellow,Mercedes,2022-05-02 14:29:58.106
vehicle-detection-0202,16524294168468373.png,Truck,White,Man,2022-05-13 08:10:16.846
vehicle-detection-0202,16524295785486202.png,Car,Grey,Volvo,2022-05-13 08:12:58.548
XenseDataset_1_0,1651502416147428.png,Car,Yellow,Mercedes,2022-05-02 14:40:16.147
vehicle-detection-0202,16524296017628584.png,Bus,White,Mercedes,2022-05-13 08:13:21.762
person-vehicle-bike-detection-2002,16523648306131866.png,Car,Black,Volvo,2022-05-12 14:13:50.613
vehicle-detection-0202,16524295894895468.png,Car,Silver,BMW,2022-05-13 08:13:09.489
vehicle-detection-0202,16524294313147464.png,Car,Blue,Ford,2022-05-13 08:10:31.314
person-vehicle-bike-detection-2002,16523647712580037.png,Car,Grey,Volvo,2022-05-12 14:12:51.258
vehicle-detection-0202,16524295207773273.png,Van,Grey,Volkswagen,2022-05-13 08:12:00.777
person-vehicle-bike-detection-2002,16523650863113961.png,Car,White,Mercedes,2022-05-12 14:18:06.311
person-vehicle-bike-detection-2002,1652364752961959.png,Truck,White,MAN,2022-05-12 14:12:32.961
person-vehicle-bike-detection-2002,16523649609111242.png,Van,Blue,Unkown,2022-05-12 14:16:00.911
person-vehicle-bike-detection-2002,1652364935400976.png,Truck,White,Unkown,2022-05-12 14:15:35.400
XenseDataset_1_0,165150177138957.png,Car,Gray,Mg,2022-05-02 14:29:31.389
vehicle-detection-0202,16524294728596132.png,Van,Red,Renault,2022-05-13 08:11:12.859
person-vehicle-bike-detection-2002,16523646969132943.png,Car,Grey,Volkswagen,2022-05-12 14:11:36.913
XenseDataset_1_0,1651503344263257.png,Truck,White,Scania,2022-05-02 14:55:44.263
person-vehicle-bike-detection-2002,16523650553257353.png,Truck,White,Unkown,2022-05-12 14:17:35.325
person-vehicle-bike-detection-2002,16523651073014767.png,Car,Red,Volvo,2022-05-12 14:18:27.301
person-vehicle-bike-detection-2002,16523649669594893.png,Car,Black,Citroen,2022-05-12 14:16:06.959
person-vehicle-bike-detection-2002,16523647084696782.png,Truck,White,Unkown,2022-05-12 14:11:48.469
vehicle-detection-0202,16524295625445526.png,Car,Grey,Skoda,2022-05-13 08:12:42.544
vehicle-detection-0202,16524294483189623.png,Van,Black,Volkswagen,2022-05-13 08:10:48.318
XenseDataset_1_0,1651503338994132.png,Truck,White,Scania,2022-05-02 14:55:38.994
vehicle-detection-0202,16524294123393974.png,Car,Silver,BMW,2022-05-13 08:10:12.339
vehicle-detection-0202,16524294928925922.png,Truck,Silver,Scania,2022-05-13 08:11:32.892
vehicle-detection-0202,16524294572739933.png,Car,Black,BMW,2022-05-13 08:10:57.273
vehicle-detection-0202,16524294467935338.png,Van,Grey,Volkswagen,2022-05-13 08:10:46.793
vehicle-detection-0202,16524294375263438.png,Car,Blue,Honda,2022-05-13 08:10:37.526
person-vehicle-bike-detection-2002,16523650278442938.png,Truck,Red,Unkown,2022-05-12 14:17:07.844
vehicle-detection-0202,16524295582151623.png,Trailer,Red,Scania,2022-05-13 08:12:38.215
vehicle-detection-0202,16524295001774213.png,Car,Black,Kia,2022-05-13 08:11:40.177
vehicle-detection-0202,16524295478944294.png,Car,Silver,Volkswagen,2022-05-13 08:12:27.894
vehicle-detection-0202,1652429443970669.png,Car,Red,Renault,2022-05-13 08:10:43.970
person-vehicle-bike-detection-2002,1652364821649566.png,Car,Black,Hyundai,2022-05-12 14:13:41.649
XenseDataset_1_0,1651502700471004.png,Bus,White,Man,2022-05-02 14:45:00.471
vehicle-detection-0202,16524294161600873.png,Car,Black,Volvo,2022-05-13 08:10:16.160
vehicle-detection-0202,16524295436982954.png,Car,Red,Volkswagen,2022-05-13 08:12:23.698
XenseDataset_1_0,1651502422194933.png,Car,Blue,Ford,2022-05-02 14:40:22.194
person-vehicle-bike-detection-2002,16523650285783901.png,Car,Brown,Volvo,2022-05-12 14:17:08.578
person-vehicle-bike-detection-2002,16523647561271005.png,Truck,White,Ford,2022-05-12 14:12:36.127
XenseDataset_1_0,1651501746477587.png,Car,Red,Ford,2022-05-02 14:29:06.477
vehicle-detection-0202,1652429424916519.png,Car,Silver,Ford,2022-05-13 08:10:24.916
person-vehicle-bike-detection-2002,1652364769424476.png,Car,Black,Toyota,2022-05-12 14:12:49.424
person-vehicle-bike-detection-2002,16523646495090227.png,Car,Grey,Unkown,2022-05-12 14:10:49.509
XenseDataset_1_0,165150179901684.png,Car,Red,Ford,2022-05-02 14:29:59.016
person-vehicle-bike-detection-2002,16523650015849943.png,Car,White,Volkswagen,2022-05-12 14:16:41.584
vehicle-detection-0202,16524295533599093.png,Car,White,Volvo,2022-05-13 08:12:33.359
vehicle-detection-0202,16524295788838856.png,Car,Grey,Volvo,2022-05-13 08:12:58.883
XenseDataset_1_0,165150334318121.png,Bus,White,Man,2022-05-02 14:55:43.181
vehicle-detection-0202,16524294168611233.png,Car,White,Fiat,2022-05-13 08:10:16.861
vehicle-detection-0202,16524295941355705.png,Truck,Red,Volvo,2022-05-13 08:13:14.135
person-vehicle-bike-detection-2002,1652364743021534.png,Car,Red,Ducia,2022-05-12 14:12:23.021
person-vehicle-bike-detection-2002,16523650426914127.png,Truck,Blue,Unkown,2022-05-12 14:17:22.691
person-vehicle-bike-detection-2002,1652364928490685.png,Car,White,Unkown,2022-05-12 14:15:28.490
vehicle-detection-0202,16524294036558957.png,Van,White,Fiat,2022-05-13 08:10:03.655
person-vehicle-bike-detection-2002,1652364667820875.png,Car,White,Ford,2022-05-12 14:11:07.820
vehicle-detection-0202,1652429561855555.png,Car,Red,Kia,2022-05-13 08:12:41.855
vehicle-detection-0202,165242943648162.png,Car,Grey,Opel,2022-05-13 08:10:36.481
person-vehicle-bike-detection-2002,16523650649086306.png,Car,Black,Volvo,2022-05-12 14:17:44.908
person-vehicle-bike-detection-2002,16523648507556002.png,Van,White,Volkswagen,2022-05-12 14:14:10.755
person-vehicle-bike-detection-2002,16523650274384568.png,Truck,White,Ford,2022-05-12 14:17:07.438
vehicle-detection-0202,16524295922912183.png,Trailer,Blue,Scania,2022-05-13 08:13:12.291
vehicle-detection-0202,16524295064701023.png,Car,Grey,Mitsubishi,2022-05-13 08:11:46.470
person-vehicle-bike-detection-2002,16523646858014667.png,Car,Silver,Volvo,2022-05-12 14:11:25.801
person-vehicle-bike-detection-2002,16523646536345894.png,Car,Silver,SAAB,2022-05-12 14:10:53.634
vehicle-detection-0202,16524294784099305.png,Car,Black,Volvo,2022-05-13 08:11:18.409
person-vehicle-bike-detection-2002,1652365114993408.png,Truck,Red,Unkown,2022-05-12 14:18:34.993
vehicle-detection-0202,16524294175878148.png,Car,Silver,Audi,2022-05-13 08:10:17.587
person-vehicle-bike-detection-2002,16523648612399578.png,Car,Grey,Volkswagen,2022-05-12 14:14:21.239
XenseDataset_1_0,1651503341501912.png,Truck,Black,Scania,2022-05-02 14:55:41.501
person-vehicle-bike-detection-2002,16523646589874003.png,Car,Silver,Unkown,2022-05-12 14:10:58.987
vehicle-detection-0202,16524294699997363.png,Van,White,Renault,2022-05-13 08:11:09.999
vehicle-detection-0202,16524294443097942.png,Truck,White,Daf,2022-05-13 08:10:44.309
person-vehicle-bike-detection-2002,16523646824095645.png,Car,White,Unkown,2022-05-12 14:11:22.409
person-vehicle-bike-detection-2002,16523647284552488.png,Car,Grey,Nissan,2022-05-12 14:12:08.455
vehicle-detection-0202,16524295898210013.png,Car,Silver,BMW,2022-05-13 08:13:09.821
person-vehicle-bike-detection-2002,16523647625484993.png,Car,White,Volvo,2022-05-12 14:12:42.548
person-vehicle-bike-detection-2002,16523646524444997.png,Van,White,Unkown,2022-05-12 14:10:52.444
vehicle-detection-0202,165242942524705.png,Car,Red,Kia,2022-05-13 08:10:25.247
person-vehicle-bike-detection-2002,16523649905405.png,Car,White,Audi,2022-05-12 14:16:30.540
vehicle-detection-0202,1652429473225479.png,Trailer,Blue,Unkown,2022-05-13 08:11:13.225
person-vehicle-bike-detection-2002,16523650976432722.png,Car,White,Unkown,2022-05-12 14:18:17.643
vehicle-detection-0202,16524295128567252.png,Car,Grey,Toyota,2022-05-13 08:11:52.856
vehicle-detection-0202,1652429506844242.png,Van,White,Renault,2022-05-13 08:11:46.844
vehicle-detection-0202,16524294737779753.png,Van,White,Ford,2022-05-13 08:11:13.777
person-vehicle-bike-detection-2002,16523650434987159.png,Car,Blue,Unkown,2022-05-12 14:17:23.498
vehicle-detection-0202,16524294649431083.png,Truck,Silver,Mercedes,2022-05-13 08:11:04.943
XenseDataset_1_0,1651502417086415.png,Car,Red,Kia,2022-05-02 14:40:17.086
vehicle-detection-0202,16524294296137815.png,Car,Black,BMW,2022-05-13 08:10:29.613
person-vehicle-bike-detection-2002,16523650834269521.png,Van,White,Volkswagen,2022-05-12 14:18:03.426
vehicle-detection-0202,16524294994705865.png,Car,Red,Honda,2022-05-13 08:11:39.470
person-vehicle-bike-detection-2002,16523650371533554.png,Truck,White,Scania,2022-05-12 14:17:17.153
person-vehicle-bike-detection-2002,16523649392120855.png,Car,Black,Peugeot,2022-05-12 14:15:39.212
vehicle-detection-0202,16524295751727383.png,Car,White,BMW,2022-05-13 08:12:55.172
vehicle-detection-0202,16524294486562133.png,Van,Black,Volkswagen,2022-05-13 08:10:48.656
vehicle-detection-0202,16524295121482475.png,Car,Red,Mazda,2022-05-13 08:11:52.148
person-vehicle-bike-detection-2002,16523650442739556.png,Car,Blue,Unkown,2022-05-12 14:17:24.273
vehicle-detection-0202,16524295558277307.png,Car,Black,Mercedes,2022-05-13 08:12:35.827
vehicle-detection-0202,16524294751876688.png,Car,Black,Volkswagen,2022-05-13 08:11:15.187
vehicle-detection-0202,16524294306292944.png,Car,Black,Audi,2022-05-13 08:10:30.629
person-vehicle-bike-detection-2002,16523647733898842.png,Car,Black,Peugeot,2022-05-12 14:12:53.389
XenseDataset_1_0,1651503359565637.png,Bus,White,Man,2022-05-02 14:55:59.565
vehicle-detection-0202,16524294368214395.png,Car,Black,Audi,2022-05-13 08:10:36.821
person-vehicle-bike-detection-2002,1652365048780946.png,Van,White,Nissan,2022-05-12 14:17:28.780
vehicle-detection-0202,16524295299869783.png,Van,White,Volkswagen,2022-05-13 08:12:09.986
person-vehicle-bike-detection-2002,16523651091493368.png,Truck,White,Scania,2022-05-12 14:18:29.149
person-vehicle-bike-detection-2002,1652364879996552.png,Car,Black,Renualt,2022-05-12 14:14:39.996
vehicle-detection-0202,16524294337791536.png,Truck,White,Unkown,2022-05-13 08:10:33.779
person-vehicle-bike-detection-2002,16523649131994169.png,Truck,White,Unkown,2022-05-12 14:15:13.199
person-vehicle-bike-detection-2002,16523651107327373.png,Van,Silver,Unkown,2022-05-12 14:18:30.732
person-vehicle-bike-detection-2002,16523648740404742.png,Car,Silver,Unkown,2022-05-12 14:14:34.040
vehicle-detection-0202,16524294958962688.png,Car,Black,Volkswagen,2022-05-13 08:11:35.896
vehicle-detection-0202,1652429533026641.png,Car,White,Skoda,2022-05-13 08:12:13.026
vehicle-detection-0202,16524294597524621.png,Car,Blue,Volvo,2022-05-13 08:10:59.752
vehicle-detection-0202,1652429592280998.png,Van,White,Volkswagen,2022-05-13 08:13:12.280
person-vehicle-bike-detection-2002,16523650289378507.png,Car,White,Volvo,2022-05-12 14:17:08.937
vehicle-detection-0202,16524294808658946.png,Car,Grey,Mercedes,2022-05-13 08:11:20.865
vehicle-detection-0202,16524295653823273.png,Van,White,Volkswagen,2022-05-13 08:12:45.382
person-vehicle-bike-detection-2002,16523650128363388.png,Car,Black,Audi,2022-05-12 14:16:52.836
vehicle-detection-0202,165242945907594.png,Car,Blue,Volvo,2022-05-13 08:10:59.075
person-vehicle-bike-detection-2002,16523651048485658.png,Car,White,Volkswagen,2022-05-12 14:18:24.848
vehicle-detection-0202,16524294769740953.png,Car,Black,Volvo,2022-05-13 08:11:16.974
vehicle-detection-0202,16524295590159166.png,Car,Silver,Volkswagen,2022-05-13 08:12:39.015
person-vehicle-bike-detection-2002,16523646670609627.png,Car,Silver,Audi,2022-05-12 14:11:07.060
person-vehicle-bike-detection-2002,16523650635862124.png,Car,Black,Volvo,2022-05-12 14:17:43.586
XenseDataset_1_0,1651503341262936.png,Truck,Black,Scania,2022-05-02 14:55:41.262
person-vehicle-bike-detection-2002,16523649681975367.png,Car,Grey,Honda,2022-05-12 14:16:08.197
person-vehicle-bike-detection-2002,16523649692855458.png,Car,Black,Peugeot,2022-05-12 14:16:09.285
person-vehicle-bike-detection-2002,16523648381790323.png,Van,Silver,Unkown,2022-05-12 14:13:58.179
person-vehicle-bike-detection-2002,16523650414596837.png,Car,Black,BMW,2022-05-12 14:17:21.459
vehicle-detection-0202,16524294151234915.png,Van,Blue,Volkswagen,2022-05-13 08:10:15.123
vehicle-detection-0202,16524294026342485.png,Car,Grey,Citroen,2022-05-13 08:10:02.634
person-vehicle-bike-detection-2002,16523648844923277.png,Trailer,White,Unkown,2022-05-12 14:14:44.492
vehicle-detection-0202,1652429408062874.png,Pickup,White,Mazda,2022-05-13 08:10:08.062
person-vehicle-bike-detection-2002,16523647784688413.png,Car,Grey,Unkown,2022-05-12 14:12:58.468
person-vehicle-bike-detection-2002,16523649264795427.png,Truck,Orange,Volvo,2022-05-12 14:15:26.479
person-vehicle-bike-detection-2002,16523646882293415.png,Car,Black,Audi,2022-05-12 14:11:28.229
person-vehicle-bike-detection-2002,16523650626233468.png,Car,Blue,Volkswagen,2022-05-12 14:17:42.623
vehicle-detection-0202,1652429506106702.png,Car,White,Volvo,2022-05-13 08:11:46.106
vehicle-detection-0202,16524294744554508.png,Car,Grey,Mazda,2022-05-13 08:11:14.455
vehicle-detection-0202,16524295482417817.png,Car,Silver,Volkswagen,2022-05-13 08:12:28.241
vehicle-detection-0202,16524294446669476.png,Car,Red,Volvo,2022-05-13 08:10:44.666
person-vehicle-bike-detection-2002,16523649288293972.png,Van,Black,Volkswagen,2022-05-12 14:15:28.829
person-vehicle-bike-detection-2002,16523650054977345.png,Car,Black,Volvo,2022-05-12 14:16:45.497
person-vehicle-bike-detection-2002,16523650517678208.png,Truck,White,Unkown,2022-05-12 14:17:31.767
vehicle-detection-0202,1652429494838668.png,Car,Blue,Skoda,2022-05-13 08:11:34.838
person-vehicle-bike-detection-2002,16523648067941775.png,Car,Black,Toyota,2022-05-12 14:13:26.794
person-vehicle-bike-detection-2002,16523648560960588.png,Car,Black,Volvo,2022-05-12 14:14:16.096
vehicle-detection-0202,16524294464566922.png,Van,White,Volkswagen,2022-05-13 08:10:46.456
person-vehicle-bike-detection-2002,1652364846998576.png,Car,Silver,Toyota,2022-05-12 14:14:06.998
vehicle-detection-0202,16524294238422458.png,Car,Black,Unkown,2022-05-13 08:10:23.842
person-vehicle-bike-detection-2002,16523646838856742.png,Car,White,Unkown,2022-05-12 14:11:23.885
XenseDataset_1_0,1651501717005232.png,Car,Red,Ford,2022-05-02 14:28:37.005
person-vehicle-bike-detection-2002,16523648850693054.png,Trailer,White,Unkown,2022-05-12 14:14:45.069
vehicle-detection-0202,16524294501491032.png,Car,White,Volkswagen,2022-05-13 08:10:50.149
vehicle-detection-0202,1652429537281327.png,Car,Grey,Skoda,2022-05-13 08:12:17.281
person-vehicle-bike-detection-2002,16523650296241276.png,Truck,White,Opel,2022-05-12 14:17:09.624
vehicle-detection-0202,1652429447181245.png,Car,Red,Volvo,2022-05-13 08:10:47.181
vehicle-detection-0202,1652429514987723.png,Car,Grey,Volvo,2022-05-13 08:11:54.987
person-vehicle-bike-detection-2002,16523646751960316.png,Car,White,Unkown,2022-05-12 14:11:15.196
person-vehicle-bike-detection-2002,16523646498662503.png,Car,White,Lexus,2022-05-12 14:10:49.866
person-vehicle-bike-detection-2002,16523647632627237.png,Truck,White,Ford,2022-05-12 14:12:43.262
vehicle-detection-0202,16524294137181706.png,Car,Yellow,Peugeot,2022-05-13 08:10:13.718
person-vehicle-bike-detection-2002,16523650391669362.png,Car,Grey,Audi,2022-05-12 14:17:19.166
vehicle-detection-0202,16524294707097719.png,Van,White,Renault,2022-05-13 08:11:10.709
vehicle-detection-0202,16524295001814554.png,Van,White,Volkswagen,2022-05-13 08:11:40.181
person-vehicle-bike-detection-2002,16523648137345254.png,Car,Grey,Unkown,2022-05-12 14:13:33.734
vehicle-detection-0202,16524295820676637.png,Car,Silver,Ford,2022-05-13 08:13:02.067
person-vehicle-bike-detection-2002,1652364724382474.png,Van,White,Renualt,2022-05-12 14:12:04.382
vehicle-detection-0202,1652429548932762.png,Car,White,Kia,2022-05-13 08:12:28.932
vehicle-detection-0202,16524294486866212.png,Car,Silver,Volvo,2022-05-13 08:10:48.686
person-vehicle-bike-detection-2002,16523647264229734.png,Truck,Blue,Mercedes,2022-05-12 14:12:06.422
person-vehicle-bike-detection-2002,1652364870836139.png,Car,Brown,Volvo,2022-05-12 14:14:30.836
vehicle-detection-0202,16524296032802534.png,Car,Silver,Toyota,2022-05-13 08:13:23.280
vehicle-detection-0202,16524294320416625.png,Car,Black,Volkswagen,2022-05-13 08:10:32.041
vehicle-detection-0202,1652429597555907.png,Car,White,Volkswagen,2022-05-13 08:13:17.555
person-vehicle-bike-detection-2002,16523649505681272.png,Car,Black,Renualt,2022-05-12 14:15:50.568
vehicle-detection-0202,1652429543361592.png,Car,Black,SEAT,2022-05-13 08:12:23.361
person-vehicle-bike-detection-2002,1652364849191743.png,Car,Black,Toyota,2022-05-12 14:14:09.191
vehicle-detection-0202,1652429513909941.png,Car,Black,Volkswagen,2022-05-13 08:11:53.909
vehicle-detection-0202,16524294360706654.png,Truck,Orange,Scania,2022-05-13 08:10:36.070
vehicle-detection-0202,16524295422255282.png,Van,Black,Volkswagen,2022-05-13 08:12:22.225
XenseDataset_1_0,1651501731476372.png,Car,Blue,Ford,2022-05-02 14:28:51.476
person-vehicle-bike-detection-2002,16523649036404133.png,Car,Black,Unkown,2022-05-12 14:15:03.640
vehicle-detection-0202,16524294164963474.png,Car,Black,Volvo,2022-05-13 08:10:16.496
XenseDataset_1_0,16515024140885398.png,Car,Gray,Mg,2022-05-02 14:40:14.088
vehicle-detection-0202,16524294944974568.png,Car,Blue,Skoda,2022-05-13 08:11:34.497
vehicle-detection-0202,16524294784124396.png,Car,Blue,Volkswagen,2022-05-13 08:11:18.412
person-vehicle-bike-detection-2002,1652364874122329.png,Car,White,Volvo,2022-05-12 14:14:34.122
person-vehicle-bike-detection-2002,16523647284869862.png,Car,Black,BMW,2022-05-12 14:12:08.486
person-vehicle-bike-detection-2002,16523646965727153.png,Car,Red,Volvo,2022-05-12 14:11:36.572
vehicle-detection-0202,1652429579649117.png,Car,Grey,Volvo,2022-05-13 08:12:59.649
person-vehicle-bike-detection-2002,1652365020673114.png,Car,Black,BMW,2022-05-12 14:17:00.673
vehicle-detection-0202,16524295448373196.png,Truck,Blue,Scania,2022-05-13 08:12:24.837
person-vehicle-bike-detection-2002,16523647679148314.png,Car,White,Toyota,2022-05-12 14:12:47.914
vehicle-detection-0202,1652429467204119.png,Car,Black,Honda,2022-05-13 08:11:07.204
vehicle-detection-0202,16524295033865223.png,Trailer,Grey,Volvo,2022-05-13 08:11:43.386
person-vehicle-bike-detection-2002,1652364735014015.png,Car,Grey,Mercedes,2022-05-12 14:12:15.014
vehicle-detection-0202,16524295250973244.png,Car,Silver,Mercedes,2022-05-13 08:12:05.097
XenseDataset_1_0,1651501719088557.png,Bus,White,Renault,2022-05-02 14:28:39.088
person-vehicle-bike-detection-2002,16523647028470476.png,Car,White,Volkswagen,2022-05-12 14:11:42.847
XenseDataset_1_0,16515024172416909.png,Car,White,Mercedes,2022-05-02 14:40:17.241
vehicle-detection-0202,16524294583679419.png,Car,White,Unkown,2022-05-13 08:10:58.367
vehicle-detection-0202,16524294896697395.png,Car,White,Toyota,2022-05-13 08:11:29.669
person-vehicle-bike-detection-2002,16523647487549007.png,Van,White,Ford,2022-05-12 14:12:28.754
vehicle-detection-0202,16524294439623218.png,Car,White,Ford,2022-05-13 08:10:43.962
person-vehicle-bike-detection-2002,16523648673395708.png,Car,Black,Unkown,2022-05-12 14:14:27.339
person-vehicle-bike-detection-2002,16523648484577193.png,Van,Black,Volkswagen,2022-05-12 14:14:08.457
person-vehicle-bike-detection-2002,16523646661108649.png,Car,White,Toyota,2022-05-12 14:11:06.110
person-vehicle-bike-detection-2002,16523647871862028.png,Car,Blue,Unkown,2022-05-12 14:13:07.186
person-vehicle-bike-detection-2002,16523646728620174.png,Car,Blue,Toyota,2022-05-12 14:11:12.862
vehicle-detection-0202,16524294544875.png,Car,Black,Volkswagen,2022-05-13 08:10:54.487
vehicle-detection-0202,16524295678660803.png,Car,Silver,Kia,2022-05-13 08:12:47.866
vehicle-detection-0202,1652429585179279.png,Truck,White,Mercedes,2022-05-13 08:13:05.179
vehicle-detection-0202,16524294147645795.png,Van,Blue,Volkswagen,2022-05-13 08:10:14.764
vehicle-detection-0202,1652429469997503.png,Car,Grey,Volvo,2022-05-13 08:11:09.997
person-vehicle-bike-detection-2002,1652364830926019.png,Car,Silver,BMW,2022-05-12 14:13:50.926
vehicle-detection-0202,16524294019530458.png,Car,Black,Volkswagen,2022-05-13 08:10:01.953
person-vehicle-bike-detection-2002,16523646996999662.png,Car,Black,Volvo,2022-05-12 14:11:39.699
vehicle-detection-0202,16524295293125372.png,Car,Grey,Toyota,2022-05-13 08:12:09.312
vehicle-detection-0202,16524294468262568.png,Van,White,Volkswagen,2022-05-13 08:10:46.826
person-vehicle-bike-detection-2002,16523649238687816.png,Car,Black,BMW,2022-05-12 14:15:23.868
person-vehicle-bike-detection-2002,16523647643059886.png,Car,Green,SAAB,2022-05-12 14:12:44.305
vehicle-detection-0202,1652429414058494.png,Car,Yellow,Peugeot,2022-05-13 08:10:14.058
vehicle-detection-0202,16524295418610651.png,Car,Grey,Volvo,2022-05-13 08:12:21.861
vehicle-detection-0202,165242945051646.png,Car,Silver,Audi,2022-05-13 08:10:50.516
vehicle-detection-0202,1652429443604406.png,Car,Black,Volvo,2022-05-13 08:10:43.604
person-vehicle-bike-detection-2002,16523647220519958.png,Truck,White,Volkswagen,2022-05-12 14:12:02.051
vehicle-detection-0202,16524294105661063.png,Car,Blue,Volvo,2022-05-13 08:10:10.566
vehicle-detection-0202,16524295930843756.png,Van,White,Toyota,2022-05-13 08:13:13.084
vehicle-detection-0202,16524294812631345.png,Car,Black,BMW,2022-05-13 08:11:21.263
person-vehicle-bike-detection-2002,16523647451625464.png,Car,Red,BMW,2022-05-12 14:12:25.162
vehicle-detection-0202,16524295334055932.png,Car,Black,Volvo,2022-05-13 08:12:13.405
person-vehicle-bike-detection-2002,16523651052233183.png,Car,Black,Volvo,2022-05-12 14:18:25.223
vehicle-detection-0202,1652429482698341.png,Car,Grey,Nissan,2022-05-13 08:11:22.698
vehicle-detection-0202,16524294475993645.png,Car,Black,Volvo,2022-05-13 08:10:47.599
person-vehicle-bike-detection-2002,1652364902895807.png,Car,Black,Volkswagen,2022-05-12 14:15:02.895
vehicle-detection-0202,16524295756530123.png,Car,Blue,Volvo,2022-05-13 08:12:55.653
vehicle-detection-0202,16524295497018356.png,Car,Grey,Kia,2022-05-13 08:12:29.701
person-vehicle-bike-detection-2002,16523650564433174.png,Car,White,Volkswagen,2022-05-12 14:17:36.443
XenseDataset_1_0,1651503271551444.png,Bus,White,Man,2022-05-02 14:54:31.551
vehicle-detection-0202,16524294345667768.png,Car,Silver,Volvo,2022-05-13 08:10:34.566
vehicle-detection-0202,16524294497562244.png,Truck,White,Mercedes,2022-05-13 08:10:49.756
vehicle-detection-0202,1652429602204511.png,Car,Silver,Volkswagen,2022-05-13 08:13:22.204
person-vehicle-bike-detection-2002,16523649864173694.png,Car,Grey,Unkown,2022-05-12 14:16:26.417
vehicle-detection-0202,1652429551502377.png,Car,Silver,Volvo,2022-05-13 08:12:31.502
person-vehicle-bike-detection-2002,16523647868511567.png,Truck,White,Volkswagen,2022-05-12 14:13:06.851
person-vehicle-bike-detection-2002,16523648677494226.png,Truck,Red,Volvo,2022-05-12 14:14:27.749
vehicle-detection-0202,16524294812656302.png,Car,Grey,Mercedes,2022-05-13 08:11:21.265
person-vehicle-bike-detection-2002,16523646845770934.png,Car,White,Unkown,2022-05-12 14:11:24.577
vehicle-detection-0202,16524296054556346.png,Van,Black,Mercedes,2022-05-13 08:13:25.455
person-vehicle-bike-detection-2002,16523646578361478.png,Car,Blue,Audi,2022-05-12 14:10:57.836
person-vehicle-bike-detection-2002,1652365034364885.png,Car,Blue,Volvo,2022-05-12 14:17:14.364
person-vehicle-bike-detection-2002,1652365047944615.png,Trailer,White,Unkown,2022-05-12 14:17:27.944
vehicle-detection-0202,1652429562212611.png,Car,White,Kia,2022-05-13 08:12:42.212
person-vehicle-bike-detection-2002,16523650521182036.png,Car,White,Unkown,2022-05-12 14:17:32.118
vehicle-detection-0202,16524294241827862.png,Car,Black,Audi,2022-05-13 08:10:24.182
person-vehicle-bike-detection-2002,16523648071419632.png,Car,Black,Unkown,2022-05-12 14:13:27.141
vehicle-detection-0202,16524295650280402.png,Car,Black,Mitsubishi,2022-05-13 08:12:45.028
vehicle-detection-0202,16524295650360522.png,Van,White,Volkswagen,2022-05-13 08:12:45.036
person-vehicle-bike-detection-2002,16523648041317718.png,Car,Grey,Volkswagen,2022-05-12 14:13:24.131
vehicle-detection-0202,16524295898289893.png,Van,Black,Volkswagen,2022-05-13 08:13:09.828
vehicle-detection-0202,16524295333827906.png,Car,White,Skoda,2022-05-13 08:12:13.382
vehicle-detection-0202,16524294397660966.png,Car,Silver,Volvo,2022-05-13 08:10:39.766
person-vehicle-bike-detection-2002,16523649475160623.png,Car,White,Volvo,2022-05-12 14:15:47.516
person-vehicle-bike-detection-2002,1652364956233614.png,Car,Black,BMW,2022-05-12 14:15:56.233
vehicle-detection-0202,1652429488523991.png,Car,Silver,Renault,2022-05-13 08:11:28.523
person-vehicle-bike-detection-2002,1652364748739292.png,Van,White,Nissan,2022-05-12 14:12:28.739
vehicle-detection-0202,16524294830275688.png,Truck,White,Mercedes,2022-05-13 08:11:23.027
vehicle-detection-0202,16524294015986865.png,Car,White,Lexus,2022-05-13 08:10:01.598
person-vehicle-bike-detection-2002,1652365063249649.png,Car,Black,Volvo,2022-05-12 14:17:43.249
XenseDataset_1_0,1651501715406207.png,Car,Red,Ford,2022-05-02 14:28:35.406
vehicle-detection-0202,1652429522935733.png,Trailer,Blue,Volvo,2022-05-13 08:12:02.935
person-vehicle-bike-detection-2002,1652364837808429.png,Car,Grey,Audi,2022-05-12 14:13:57.808
vehicle-detection-0202,1652429414756916.png,Car,Grey,Opel,2022-05-13 08:10:14.756
vehicle-detection-0202,16524294932970967.png,Trailer,White,Scania,2022-05-13 08:11:33.297
person-vehicle-bike-detection-2002,1652364897028628.png,Car,Black,Toyota,2022-05-12 14:14:57.028
vehicle-detection-0202,16524295593527915.png,Truck,Red,Renault,2022-05-13 08:12:39.352
person-vehicle-bike-detection-2002,16523650611329622.png,Car,White,Volvo,2022-05-12 14:17:41.132
person-vehicle-bike-detection-2002,16523648631747742.png,Car,White,Hyundai,2022-05-12 14:14:23.174
person-vehicle-bike-detection-2002,16523648689356744.png,Car,Black,Audi,2022-05-12 14:14:28.935
vehicle-detection-0202,16524295064719849.png,Van,White,Renault,2022-05-13 08:11:46.471
vehicle-detection-0202,16524294105591502.png,Car,Silver,Mazda,2022-05-13 08:10:10.559
vehicle-detection-0202,16524296029186308.png,Car,Silver,Toyota,2022-05-13 08:13:22.918
person-vehicle-bike-detection-2002,16523651103283565.png,Van,Silver,Unkown,2022-05-12 14:18:30.328
person-vehicle-bike-detection-2002,16523648477537787.png,Car,Grey,Tesla,2022-05-12 14:14:07.753
person-vehicle-bike-detection-2002,16523646755893376.png,Car,Grey,Ford,2022-05-12 14:11:15.589
person-vehicle-bike-detection-2002,16523647729718962.png,Car,White,Unkown,2022-05-12 14:12:52.971
vehicle-detection-0202,16524294725056224.png,Van,Red,Renault,2022-05-13 08:11:12.505
XenseDataset_1_0,16515033697629619.png,Truck,Black,Scania,2022-05-02 14:56:09.762
person-vehicle-bike-detection-2002,16523646747537258.png,Car,White,Peugeot,2022-05-12 14:11:14.753
vehicle-detection-0202,16524294948500743.png,Car,Grey,Volvo,2022-05-13 08:11:34.850
vehicle-detection-0202,16524294313295429.png,Pickup,Yellow,Isuzu,2022-05-13 08:10:31.329
vehicle-detection-0202,16524294039770203.png,Truck,White,Man,2022-05-13 08:10:03.977
vehicle-detection-0202,16524294561806362.png,Car,White,Volvo,2022-05-13 08:10:56.180
person-vehicle-bike-detection-2002,1652364739497231.png,Car,Black,Unkown,2022-05-12 14:12:19.497
person-vehicle-bike-detection-2002,16523646597074077.png,Car,Blue,Volvo,2022-05-12 14:10:59.707
vehicle-detection-0202,1652429548936474.png,Car,Silver,Volkswagen,2022-05-13 08:12:28.936
person-vehicle-bike-detection-2002,16523650962600079.png,Van,White,Peugeot,2022-05-12 14:18:16.260
person-vehicle-bike-detection-2002,16523650838328226.png,Van,White,Citroen,2022-05-12 14:18:03.832
person-vehicle-bike-detection-2002,16523649587225833.png,Van,White,Renualt,2022-05-12 14:15:58.722
person-vehicle-bike-detection-2002,1652364934272466.png,Truck,White,Unkown,2022-05-12 14:15:34.272
vehicle-detection-0202,1652429481285125.png,Car,Grey,Volvo,2022-05-13 08:11:21.285
person-vehicle-bike-detection-2002,16523647721423507.png,Van,Black,Volkswagen,2022-05-12 14:12:52.142
vehicle-detection-0202,1652429497960467.png,Truck,White,Man,2022-05-13 08:11:37.960
person-vehicle-bike-detection-2002,16523648615967019.png,Car,Silver,Unkown,2022-05-12 14:14:21.596
person-vehicle-bike-detection-2002,16523647062304304.png,Car,Blue,Toyota,2022-05-12 14:11:46.230
vehicle-detection-0202,1652429505323937.png,Truck,Grey,Scania,2022-05-13 08:11:45.323
person-vehicle-bike-detection-2002,16523649242638786.png,Car,Red,Volvo,2022-05-12 14:15:24.263
person-vehicle-bike-detection-2002,1652365103744282.png,Van,Silver,Volkswagen,2022-05-12 14:18:23.744
vehicle-detection-0202,16524295574416528.png,Car,Black,Kia,2022-05-13 08:12:37.441
person-vehicle-bike-detection-2002,16523650475813053.png,Truck,White,Unkown,2022-05-12 14:17:27.581
person-vehicle-bike-detection-2002,16523647062172105.png,Car,Black,Unkown,2022-05-12 14:11:46.217
vehicle-detection-0202,16524295221856728.png,Car,Black,Jeep,2022-05-13 08:12:02.185
person-vehicle-bike-detection-2002,16523647425885496.png,Car,White,Renualt,2022-05-12 14:12:22.588
person-vehicle-bike-detection-2002,16523649678393173.png,Car,Blue,Subaru,2022-05-12 14:16:07.839
vehicle-detection-0202,16524294109153779.png,Van,White,Unkown,2022-05-13 08:10:10.915
vehicle-detection-0202,16524295841359155.png,Car,Red,Volkswagen,2022-05-13 08:13:04.135
vehicle-detection-0202,16524294228359778.png,Car,Grey,Volvo,2022-05-13 08:10:22.835
vehicle-detection-0202,16524295307462583.png,Caravan,Grey,Unkown,2022-05-13 08:12:10.746
vehicle-detection-0202,16524295621974015.png,Car,Silver,Mercedes,2022-05-13 08:12:42.197
vehicle-detection-0202,1652429429954705.png,Van,Black,Dacia,2022-05-13 08:10:29.954
person-vehicle-bike-detection-2002,16523646739710178.png,Car,Black,Audi,2022-05-12 14:11:13.971
vehicle-detection-0202,1652429518982598.png,Car,Blue,Unkown,2022-05-13 08:11:58.982
vehicle-detection-0202,1652429602197724.png,Car,Red,Volvo,2022-05-13 08:13:22.197
vehicle-detection-0202,16524294404509673.png,Car,Black,Volvo,2022-05-13 08:10:40.450
person-vehicle-bike-detection-2002,165236484661617.png,Car,Black,Volvo,2022-05-12 14:14:06.616
vehicle-detection-0202,16524295440863414.png,Car,Silver,Mitsubishi,2022-05-13 08:12:24.086
vehicle-detection-0202,16524294019317172.png,Car,Black,Volvo,2022-05-13 08:10:01.931
vehicle-detection-0202,16524294703607066.png,Car,Silver,SAAB,2022-05-13 08:11:10.360
vehicle-detection-0202,16524295533158448.png,Car,Black,Kia,2022-05-13 08:12:33.315
vehicle-detection-0202,16524294443252.png,Car,White,Volvo,2022-05-13 08:10:44.325
vehicle-detection-0202,16524294991278708.png,Car,Black,Kia,2022-05-13 08:11:39.127
person-vehicle-bike-detection-2002,1652365109521686.png,Car,White,Nissan,2022-05-12 14:18:29.521
vehicle-detection-0202,16524295440808318.png,Car,Red,Volkswagen,2022-05-13 08:12:24.080
person-vehicle-bike-detection-2002,16523650571831398.png,Truck,Red,Unkown,2022-05-12 14:17:37.183
person-vehicle-bike-detection-2002,16523650179459016.png,Truck,White,Unkown,2022-05-12 14:16:57.945
person-vehicle-bike-detection-2002,16523650222967305.png,Car,Red,Unkown,2022-05-12 14:17:02.296
person-vehicle-bike-detection-2002,1652364785727322.png,Car,Red,Skoda,2022-05-12 14:13:05.727
person-vehicle-bike-detection-2002,1652364853752936.png,Car,White,Fiat,2022-05-12 14:14:13.752
vehicle-detection-0202,16524295554880607.png,Car,Black,Renault,2022-05-13 08:12:35.488
person-vehicle-bike-detection-2002,16523649677728555.png,Car,Grey,Kia,2022-05-12 14:16:07.772
XenseDataset_1_0,1651501709492168.png,Car,Red,Kia,2022-05-02 14:28:29.492
vehicle-detection-0202,16524295500873902.png,Car,Black,Toyota,2022-05-13 08:12:30.087
vehicle-detection-0202,1652429579260963.png,Truck,Black,Volvo,2022-05-13 08:12:59.260
vehicle-detection-0202,1652429586317042.png,Car,Silver,Hyundai,2022-05-13 08:13:06.317
person-vehicle-bike-detection-2002,16523650962192.png,Van,White,Unkown,2022-05-12 14:18:16.219
XenseDataset_1_0,16515027901362271.png,Truck,White,Scania,2022-05-02 14:46:30.136
vehicle-detection-0202,16524294888864787.png,Car,Grey,Volkswagen,2022-05-13 08:11:28.886
vehicle-detection-0202,165242949256078.png,Truck,Silver,Scania,2022-05-13 08:11:32.560
vehicle-detection-0202,16524294983916788.png,Car,Black,Honda,2022-05-13 08:11:38.391
person-vehicle-bike-detection-2002,16523648649956186.png,Truck,Green,Unkown,2022-05-12 14:14:24.995
person-vehicle-bike-detection-2002,16523649090581458.png,Car,Black,Volvo,2022-05-12 14:15:09.058
vehicle-detection-0202,16524295341049054.png,Car,Blue,Toyota,2022-05-13 08:12:14.104
person-vehicle-bike-detection-2002,16523649894275358.png,Car,Black,Volvo,2022-05-12 14:16:29.427
vehicle-detection-0202,1652429577841715.png,Car,White,Volvo,2022-05-13 08:12:57.841
person-vehicle-bike-detection-2002,16523650786714425.png,Van,White,Mercedes,2022-05-12 14:17:58.671
XenseDataset_1_0,1651501718698386.png,Car,Gray,Mg,2022-05-02 14:28:38.698
vehicle-detection-0202,16524295497122371.png,Car,Silver,Unkown,2022-05-13 08:12:29.712
person-vehicle-bike-detection-2002,1652364993486562.png,Car,Black,Volvo,2022-05-12 14:16:33.486
person-vehicle-bike-detection-2002,16523649502024312.png,Van,White,Unkown,2022-05-12 14:15:50.202
vehicle-detection-0202,16524294838772135.png,Car,Black,Honda,2022-05-13 08:11:23.877
vehicle-detection-0202,16524295511553674.png,Van,White,Renault,2022-05-13 08:12:31.155
person-vehicle-bike-detection-2002,16523650399627955.png,Car,White,Toyota,2022-05-12 14:17:19.962
vehicle-detection-0202,16524294576661265.png,Car,White,Volkswagen,2022-05-13 08:10:57.666
person-vehicle-bike-detection-2002,1652364967417644.png,Car,Grey,Citroen,2022-05-12 14:16:07.417
XenseDataset_1_0,1651503341143927.png,Truck,Black,Scania,2022-05-02 14:55:41.143
vehicle-detection-0202,16524295049016824.png,Trailer,White,Mercedes,2022-05-13 08:11:44.901
person-vehicle-bike-detection-2002,16523648320467007.png,Car,White,Mini,2022-05-12 14:13:52.046
vehicle-detection-0202,16524295730150795.png,Car,Grey,BMW,2022-05-13 08:12:53.015
person-vehicle-bike-detection-2002,16523649945186257.png,Van,Silver,Citroen,2022-05-12 14:16:34.518
person-vehicle-bike-detection-2002,16523647792264533.png,Car,Black,Jeep,2022-05-12 14:12:59.226
vehicle-detection-0202,16524296039919982.png,Car,White,Hyundai,2022-05-13 08:13:23.991
vehicle-detection-0202,16524294467985437.png,Car,Grey,Kia,2022-05-13 08:10:46.798
XenseDataset_1_0,16515027897900531.png,Truck,White,Scania,2022-05-02 14:46:29.790
person-vehicle-bike-detection-2002,1652364878872886.png,Car,Black,Volkswagen,2022-05-12 14:14:38.872
person-vehicle-bike-detection-2002,16523648336718683.png,Car,Black,Volvo,2022-05-12 14:13:53.671
person-vehicle-bike-detection-2002,1652365052629327.png,Car,White,Audi,2022-05-12 14:17:32.629
person-vehicle-bike-detection-2002,16523648403539581.png,Car,Silver,Ford,2022-05-12 14:14:00.353
vehicle-detection-0202,16524295161339328.png,Car,Black,Opel,2022-05-13 08:11:56.133
vehicle-detection-0202,16524295075824032.png,Car,Silver,SAAB,2022-05-13 08:11:47.582
person-vehicle-bike-detection-2002,1652364784337148.png,Car,Silver,Toyota,2022-05-12 14:13:04.337
vehicle-detection-0202,165242955044652.png,Car,Grey,BMW,2022-05-13 08:12:30.446
person-vehicle-bike-detection-2002,16523647323894932.png,Car,Blue,Volkswagen,2022-05-12 14:12:12.389
vehicle-detection-0202,16524294904523294.png,Car,Blue,Unkown,2022-05-13 08:11:30.452
person-vehicle-bike-detection-2002,16523646904563031.png,Car,Red,Scania,2022-05-12 14:11:30.456
person-vehicle-bike-detection-2002,16523650063119407.png,Trailer,Green,Unkown,2022-05-12 14:16:46.311
vehicle-detection-0202,16524295590206144.png,Truck,Red,Renault,2022-05-13 08:12:39.020
person-vehicle-bike-detection-2002,16523648026084056.png,Trailer,White,Unkown,2022-05-12 14:13:22.608
person-vehicle-bike-detection-2002,16523648897514226.png,Van,White,Volkswagen,2022-05-12 14:14:49.751
person-vehicle-bike-detection-2002,16523650320328643.png,Car,White,Peugeot,2022-05-12 14:17:12.032
vehicle-detection-0202,16524296032839887.png,Pickup,Blue,Toyota,2022-05-13 08:13:23.283
vehicle-detection-0202,16524295682334187.png,Van,White,Peugeot,2022-05-13 08:12:48.233
vehicle-detection-0202,16524295307536893.png,Van,Black,Opel,2022-05-13 08:12:10.753
vehicle-detection-0202,16524295810264702.png,Van,Blue,Ford,2022-05-13 08:13:01.026
XenseDataset_1_0,16515017853214452.png,Car,Red,Skoda,2022-05-02 14:29:45.321
person-vehicle-bike-detection-2002,1652364979162141.png,Car,White,BMW,2022-05-12 14:16:19.162
person-vehicle-bike-detection-2002,1652364713382061.png,Car,Blue,Unkown,2022-05-12 14:11:53.382
person-vehicle-bike-detection-2002,16523649927276657.png,Car,White,Kia,2022-05-12 14:16:32.727
person-vehicle-bike-detection-2002,16523648007590106.png,Car,Black,Seat,2022-05-12 14:13:20.759
vehicle-detection-0202,16524295326016917.png,Truck,White,Scania,2022-05-13 08:12:12.601
vehicle-detection-0202,16524294389331555.png,Truck,Red,Scania,2022-05-13 08:10:38.933
person-vehicle-bike-detection-2002,16523646532801428.png,Car,Silver,Skoda,2022-05-12 14:10:53.280
vehicle-detection-0202,1652429447604792.png,Car,Red,Volvo,2022-05-13 08:10:47.604
person-vehicle-bike-detection-2002,16523646945718067.png,Car,Grey,Unkown,2022-05-12 14:11:34.571
person-vehicle-bike-detection-2002,16523648007055724.png,Car,Black,Hyundai,2022-05-12 14:13:20.705
vehicle-detection-0202,1652429409882815.png,Car,Black,Volkswagen,2022-05-13 08:10:09.882
vehicle-detection-0202,16524295972004452.png,Car,White,Volkswagen,2022-05-13 08:13:17.200
vehicle-detection-0202,1652429537985863.png,Car,Grey,Nissan,2022-05-13 08:12:17.985
vehicle-detection-0202,1652429597197374.png,Car,Black,Volvo,2022-05-13 08:13:17.197
vehicle-detection-0202,16524295567022007.png,Van,Silver,Volkswagen,2022-05-13 08:12:36.702
vehicle-detection-0202,16524295097082076.png,Car,Black,Audi,2022-05-13 08:11:49.708
person-vehicle-bike-detection-2002,16523647354134898.png,Car,Black,BMW,2022-05-12 14:12:15.413
vehicle-detection-0202,16524294548426847.png,Car,Black,Volkswagen,2022-05-13 08:10:54.842
person-vehicle-bike-detection-2002,16523646804713576.png,Car,Black,Ducia,2022-05-12 14:11:20.471
person-vehicle-bike-detection-2002,1652365072109026.png,Car,Silver,Audi,2022-05-12 14:17:52.109
vehicle-detection-0202,1652429446091169.png,Car,Silver,Volvo,2022-05-13 08:10:46.091
vehicle-detection-0202,16524295733712645.png,Car,Grey,BMW,2022-05-13 08:12:53.371
vehicle-detection-0202,16524295030359871.png,Trailer,Grey,Volvo,2022-05-13 08:11:43.035
person-vehicle-bike-detection-2002,16523650521758847.png,Car,Black,Unkown,2022-05-12 14:17:32.175
vehicle-detection-0202,16524295183117983.png,Car,Silver,Volvo,2022-05-13 08:11:58.311
vehicle-detection-0202,16524294900906603.png,Car,Blue,Unkown,2022-05-13 08:11:30.090
person-vehicle-bike-detection-2002,16523650446477368.png,Car,Red,Toyota,2022-05-12 14:17:24.647
person-vehicle-bike-detection-2002,16523648312785866.png,Car,Blue,Unkown,2022-05-12 14:13:51.278
person-vehicle-bike-detection-2002,16523649669673285.png,Trailer,White,Unkown,2022-05-12 14:16:06.967
person-vehicle-bike-detection-2002,16523646586210084.png,Car,Black,Volvo,2022-05-12 14:10:58.621
vehicle-detection-0202,1652429594139224.png,Car,Black,Volvo,2022-05-13 08:13:14.139
person-vehicle-bike-detection-2002,165236498907376.png,Car,Black,Audi,2022-05-12 14:16:29.073
person-vehicle-bike-detection-2002,1652365108033987.png,Car,White,Audi,2022-05-12 14:18:28.033
vehicle-detection-0202,16524294252440972.png,Van,Black,Dacia,2022-05-13 08:10:25.244
vehicle-detection-0202,16524294604982882.png,Car,Black,Audi,2022-05-13 08:11:00.498
person-vehicle-bike-detection-2002,16523651021284633.png,Car,Black,Unkown,2022-05-12 14:18:22.128
person-vehicle-bike-detection-2002,16523649369053872.png,Truck,Blue,MAN,2022-05-12 14:15:36.905
vehicle-detection-0202,16524294597919538.png,Car,Blue,Subaru,2022-05-13 08:10:59.791
person-vehicle-bike-detection-2002,16523646760502794.png,Car,Black,Ducia,2022-05-12 14:11:16.050
vehicle-detection-0202,1652429429966186.png,Car,Red,Honda,2022-05-13 08:10:29.966
vehicle-detection-0202,16524295824349177.png,Car,Grey,Volkswagen,2022-05-13 08:13:02.434
person-vehicle-bike-detection-2002,16523649646928225.png,Car,Silver,Volvo,2022-05-12 14:16:04.692
vehicle-detection-0202,16524295866618748.png,Car,Silver,Hyundai,2022-05-13 08:13:06.661
XenseDataset_1_0,1651503369400198.png,Truck,Black,Scania,2022-05-02 14:56:09.400
person-vehicle-bike-detection-2002,1652364886165964.png,Car,White,Unkown,2022-05-12 14:14:46.165
person-vehicle-bike-detection-2002,16523647447498116.png,Car,Red,Porsche,2022-05-12 14:12:24.749
person-vehicle-bike-detection-2002,16523649779965696.png,Trailer,White,Unkown,2022-05-12 14:16:17.996
vehicle-detection-0202,16524295153647358.png,Van,Black,Volkswagen,2022-05-13 08:11:55.364
person-vehicle-bike-detection-2002,16523647292010908.png,Car,Grey,Volkswagen,2022-05-12 14:12:09.201
person-vehicle-bike-detection-2002,16523647600253038.png,Car,Grey,Unkown,2022-05-12 14:12:40.025
person-vehicle-bike-detection-2002,1652364834025797.png,Truck,White,Scania,2022-05-12 14:13:54.025
person-vehicle-bike-detection-2002,16523647538407707.png,Car,Black,Honda,2022-05-12 14:12:33.840
person-vehicle-bike-detection-2002,16523646528091755.png,Trailer,Red,Unkown,2022-05-12 14:10:52.809
vehicle-detection-0202,1652429572562393.png,Truck,White,Scania,2022-05-13 08:12:52.562
person-vehicle-bike-detection-2002,16523647027555625.png,Car,Silver,Unkown,2022-05-12 14:11:42.755
vehicle-detection-0202,1652429417921853.png,Car,White,Toyota,2022-05-13 08:10:17.921
person-vehicle-bike-detection-2002,16523648943560474.png,Van,White,Unkown,2022-05-12 14:14:54.356
vehicle-detection-0202,16524294361249712.png,Car,Grey,Opel,2022-05-13 08:10:36.124
vehicle-detection-0202,16524296050916588.png,Van,Black,Mercedes,2022-05-13 08:13:25.091
vehicle-detection-0202,16524294881143749.png,Truck,White,Scania,2022-05-13 08:11:28.114
person-vehicle-bike-detection-2002,16523647277560458.png,Van,White,Ford,2022-05-12 14:12:07.756
vehicle-detection-0202,16524294172330256.png,Trailer,White,Unkown,2022-05-13 08:10:17.233
person-vehicle-bike-detection-2002,16523646756739922.png,Car,White,Nissan,2022-05-12 14:11:15.673
vehicle-detection-0202,16524294375176904.png,Van,Silver,Opel,2022-05-13 08:10:37.517
person-vehicle-bike-detection-2002,1652364749955924.png,Car,Blue,Skoda,2022-05-12 14:12:29.955
person-vehicle-bike-detection-2002,1652365001937887.png,Car,Silver,Opel,2022-05-12 14:16:41.937
vehicle-detection-0202,16524295628969378.png,Car,Grey,Skoda,2022-05-13 08:12:42.896
vehicle-detection-0202,16524294102163742.png,Car,Black,Volvo,2022-05-13 08:10:10.216
person-vehicle-bike-detection-2002,1652364709251091.png,Car,Silver,Volvo,2022-05-12 14:11:49.251
person-vehicle-bike-detection-2002,1652364666552568.png,Truck,White,Unkown,2022-05-12 14:11:06.552
vehicle-detection-0202,16524295993255105.png,Car,Black,Volkswagen,2022-05-13 08:13:19.325
person-vehicle-bike-detection-2002,16523650415139356.png,Car,Copper,Unkown,2022-05-12 14:17:21.513
person-vehicle-bike-detection-2002,16523646540002964.png,Car,Black,Volvo,2022-05-12 14:10:54.000
vehicle-detection-0202,16524294313102736.png,Car,Black,Volkswagen,2022-05-13 08:10:31.310
person-vehicle-bike-detection-2002,16523647209174278.png,Car,Black,Unkown,2022-05-12 14:12:00.917
person-vehicle-bike-detection-2002,16523649201755738.png,Car,Silver,Unkown,2022-05-12 14:15:20.175
person-vehicle-bike-detection-2002,1652364863532796.png,Car,White,Mercedes,2022-05-12 14:14:23.532
person-vehicle-bike-detection-2002,16523650243103783.png,Truck,White,Volkswagen,2022-05-12 14:17:04.310
person-vehicle-bike-detection-2002,16523647281272645.png,Car,Silver,Nissan,2022-05-12 14:12:08.127
vehicle-detection-0202,16524295225965402.png,Truck,White,Volvo,2022-05-13 08:12:02.596
person-vehicle-bike-detection-2002,1652364949599164.png,Truck,White,Unkown,2022-05-12 14:15:49.599
person-vehicle-bike-detection-2002,16523648255646381.png,Van,White,Peugeot,2022-05-12 14:13:45.564
person-vehicle-bike-detection-2002,16523646870574722.png,Car,Grey,Toyota,2022-05-12 14:11:27.057
person-vehicle-bike-detection-2002,1652364960540372.png,Van,Blue,Iveco,2022-05-12 14:16:00.540
person-vehicle-bike-detection-2002,1652365020731687.png,Car,Black,Unkown,2022-05-12 14:17:00.731
person-vehicle-bike-detection-2002,16523649886738937.png,Car,Silver,Audi,2022-05-12 14:16:28.673
person-vehicle-bike-detection-2002,1652364656381075.png,Car,White,Mazda,2022-05-12 14:10:56.381
XenseDataset_1_0,165150334306033.png,Bus,White,Man,2022-05-02 14:55:43.060
person-vehicle-bike-detection-2002,16523650717578173.png,Truck,Grey,Unkown,2022-05-12 14:17:51.757
person-vehicle-bike-detection-2002,16523650698667183.png,Trailer,White,Unkown,2022-05-12 14:17:49.866
person-vehicle-bike-detection-2002,16523649346494741.png,Van,White,Mercedes,2022-05-12 14:15:34.649
vehicle-detection-0202,16524294580325117.png,Car,White,Unkown,2022-05-13 08:10:58.032
vehicle-detection-0202,16524294615263376.png,Car,Silver,SAAB,2022-05-13 08:11:01.526
person-vehicle-bike-detection-2002,16523647832653837.png,Car,Black,Unkown,2022-05-12 14:13:03.265
vehicle-detection-0202,1652429572933155.png,Truck,White,Scania,2022-05-13 08:12:52.933
person-vehicle-bike-detection-2002,16523648378021379.png,Van,Silver,Citroen,2022-05-12 14:13:57.802
person-vehicle-bike-detection-2002,16523648045391624.png,Truck,White,Unkown,2022-05-12 14:13:24.539
person-vehicle-bike-detection-2002,1652364848131831.png,Car,Grey,Volkswagen,2022-05-12 14:14:08.131
person-vehicle-bike-detection-2002,1652364749125553.png,Van,White,Unkown,2022-05-12 14:12:29.125
person-vehicle-bike-detection-2002,16523648103884296.png,Car,Black,Kia,2022-05-12 14:13:30.388
vehicle-detection-0202,16524294053597355.png,Car,Black,Volvo,2022-05-13 08:10:05.359
person-vehicle-bike-detection-2002,16523647016015735.png,Truck,Black,Unkown,2022-05-12 14:11:41.601
person-vehicle-bike-detection-2002,16523647701359.png,Car,Black,Unkown,2022-05-12 14:12:50.135
vehicle-detection-0202,16524295193929324.png,Van,White,Ford,2022-05-13 08:11:59.392
person-vehicle-bike-detection-2002,16523650917825208.png,Car,Blue,Volvo,2022-05-12 14:18:11.782
person-vehicle-bike-detection-2002,16523650343262568.png,Car,White,Mitsubishi,2022-05-12 14:17:14.326
vehicle-detection-0202,16524294401091833.png,Car,Black,Volvo,2022-05-13 08:10:40.109
vehicle-detection-0202,1652429501598628.png,Car,White,Volkswagen,2022-05-13 08:11:41.598
person-vehicle-bike-detection-2002,16523649179823215.png,Van,Black,Unkown,2022-05-12 14:15:17.982
person-vehicle-bike-detection-2002,16523647690057755.png,Car,Black,Nissan,2022-05-12 14:12:49.005
person-vehicle-bike-detection-2002,16523647451575892.png,Car,White,Volvo,2022-05-12 14:12:25.157
vehicle-detection-0202,16524295093066134.png,Car,White,Volkswagen,2022-05-13 08:11:49.306
person-vehicle-bike-detection-2002,16523648985547774.png,Car,Silver,Volkswagen,2022-05-12 14:14:58.554
vehicle-detection-0202,16524295289451492.png,Car,Red,Skoda,2022-05-13 08:12:08.945
vehicle-detection-0202,16524295390430162.png,Car,White,Volvo,2022-05-13 08:12:19.043
person-vehicle-bike-detection-2002,16523649898149185.png,Car,Grey,Audi,2022-05-12 14:16:29.814
vehicle-detection-0202,16524294834043405.png,Truck,White,Mercedes,2022-05-13 08:11:23.404
vehicle-detection-0202,16524295168502126.png,Car,White,Audi,2022-05-13 08:11:56.850
vehicle-detection-0202,16524294353466692.png,Car,Black,Volkswagen,2022-05-13 08:10:35.346
vehicle-detection-0202,1652429563606148.png,Car,Red,Opel,2022-05-13 08:12:43.606
person-vehicle-bike-detection-2002,1652364966125407.png,Truck,Silver,Scania,2022-05-12 14:16:06.125
person-vehicle-bike-detection-2002,1652365009126523.png,Van,White,Renualt,2022-05-12 14:16:49.126
vehicle-detection-0202,16524294537701402.png,Car,Grey,Toyota,2022-05-13 08:10:53.770
person-vehicle-bike-detection-2002,16523649164521952.png,Car,Black,Audi,2022-05-12 14:15:16.452
person-vehicle-bike-detection-2002,1652364963484846.png,Van,White,Ford,2022-05-12 14:16:03.484
person-vehicle-bike-detection-2002,165236473078829.png,Car,Silver,Unkown,2022-05-12 14:12:10.788
vehicle-detection-0202,16524295905634792.png,Car,Black,Toyota,2022-05-13 08:13:10.563
vehicle-detection-0202,16524295880431967.png,Car,Black,Volvo,2022-05-13 08:13:08.043
person-vehicle-bike-detection-2002,16523649864111807.png,Car,Red,Volkswagen,2022-05-12 14:16:26.411
vehicle-detection-0202,16524294356821773.png,Car,Black,Toyota,2022-05-13 08:10:35.682
person-vehicle-bike-detection-2002,16523651067821255.png,Car,Black,Volvo,2022-05-12 14:18:26.782
person-vehicle-bike-detection-2002,16523647103247235.png,Car,Black,BMW,2022-05-12 14:11:50.324
XenseDataset_1_0,1651503271189031.png,Bus,White,Man,2022-05-02 14:54:31.189
XenseDataset_1_0,16515032713099258.png,Bus,White,Man,2022-05-02 14:54:31.309
vehicle-detection-0202,16524295358997884.png,Car,Red,Kia,2022-05-13 08:12:15.899
person-vehicle-bike-detection-2002,16523647435844328.png,Car,Black,Mitsubishi,2022-05-12 14:12:23.584
vehicle-detection-0202,16524296018379073.png,Car,Red,Volvo,2022-05-13 08:13:21.837
person-vehicle-bike-detection-2002,1652364822013827.png,Car,Black,Mitsubishi,2022-05-12 14:13:42.013
XenseDataset_1_0,16515032710699468.png,Bus,White,Man,2022-05-02 14:54:31.069
person-vehicle-bike-detection-2002,1652364984434487.png,Truck,White,Unkown,2022-05-12 14:16:24.434
vehicle-detection-0202,16524295019502428.png,Car,White,Volkswagen,2022-05-13 08:11:41.950
person-vehicle-bike-detection-2002,16523648481014817.png,Car,Silver,BMW,2022-05-12 14:14:08.101
vehicle-detection-0202,16524295056896975.png,Trailer,White,Scania,2022-05-13 08:11:45.689
vehicle-detection-0202,16524295029909568.png,Truck,Blue,Volvo,2022-05-13 08:11:42.990
vehicle-detection-0202,16524295186621356.png,Car,Blue,Unkown,2022-05-13 08:11:58.662
XenseDataset_1_0,1651503343782769.png,Truck,White,Scania,2022-05-02 14:55:43.782
person-vehicle-bike-detection-2002,16523647439629903.png,Car,Black,Mitsubishi,2022-05-12 14:12:23.962
person-vehicle-bike-detection-2002,1652364739040794.png,Car,Silver,Volkswagen,2022-05-12 14:12:19.040
vehicle-detection-0202,16524294371658416.png,Car,Black,Audi,2022-05-13 08:10:37.165
vehicle-detection-0202,16524295005462537.png,Car,Black,Kia,2022-05-13 08:11:40.546
person-vehicle-bike-detection-2002,16523650757246778.png,Car,Black,Volvo,2022-05-12 14:17:55.724
vehicle-detection-0202,16524294522828143.png,Van,White,Peugeot,2022-05-13 08:10:52.282
vehicle-detection-0202,1652429561152825.png,Car,Black,Volvo,2022-05-13 08:12:41.152
person-vehicle-bike-detection-2002,1652365104471685.png,Car,Silver,Toyota,2022-05-12 14:18:24.471
person-vehicle-bike-detection-2002,16523649654189773.png,Truck,Silver,Unkown,2022-05-12 14:16:05.418
vehicle-detection-0202,1652429521508672.png,Car,Silver,Volkswagen,2022-05-13 08:12:01.508
vehicle-detection-0202,16524295806743255.png,Car,White,BMW,2022-05-13 08:13:00.674
person-vehicle-bike-detection-2002,16523647398461392.png,Van,White,Volkswagen,2022-05-12 14:12:19.846
person-vehicle-bike-detection-2002,165236493613851.png,Car,Black,Toyota,2022-05-12 14:15:36.138
vehicle-detection-0202,16524294460988498.png,Car,Grey,Kia,2022-05-13 08:10:46.098
vehicle-detection-0202,16524295161292186.png,Car,White,BMW,2022-05-13 08:11:56.129
person-vehicle-bike-detection-2002,16523648623578238.png,Car,Silver,Toyota,2022-05-12 14:14:22.357
vehicle-detection-0202,16524295497213452.png,Car,Silver,Skoda,2022-05-13 08:12:29.721
person-vehicle-bike-detection-2002,1652364801493934.png,Car,Red,Volkswagen,2022-05-12 14:13:21.493
person-vehicle-bike-detection-2002,16523648130124547.png,Car,Black,Mercedes,2022-05-12 14:13:33.012
vehicle-detection-0202,16524294193302736.png,Van,Black,Ford,2022-05-13 08:10:19.330
person-vehicle-bike-detection-2002,16523648865280583.png,Car,Grey,Volkswagen,2022-05-12 14:14:46.528
vehicle-detection-0202,16524294252502081.png,Car,Silver,Ford,2022-05-13 08:10:25.250
vehicle-detection-0202,1652429425619532.png,Van,Black,Dacia,2022-05-13 08:10:25.619
person-vehicle-bike-detection-2002,16523649823665748.png,Van,Silver,Iveco,2022-05-12 14:16:22.366
vehicle-detection-0202,16524294323856883.png,Car,Black,Volkswagen,2022-05-13 08:10:32.385
person-vehicle-bike-detection-2002,16523650380767322.png,Car,Black,Toyota,2022-05-12 14:17:18.076
person-vehicle-bike-detection-2002,16523648182850542.png,Car,Black,Volvo,2022-05-12 14:13:38.285
XenseDataset_1_0,16515017446478841.png,Car,Gray,Mg,2022-05-02 14:29:04.647
vehicle-detection-0202,16524294196700234.png,Van,Black,Ford,2022-05-13 08:10:19.670
person-vehicle-bike-detection-2002,16523649590759761.png,Van,White,Renualt,2022-05-12 14:15:59.075
person-vehicle-bike-detection-2002,16523648144785182.png,Car,Blue,Kia,2022-05-12 14:13:34.478
person-vehicle-bike-detection-2002,165236467715175.png,Trailer,White,Unkown,2022-05-12 14:11:17.151
person-vehicle-bike-detection-2002,1652364928129729.png,Bus,White,Unkown,2022-05-12 14:15:28.129
vehicle-detection-0202,16524294432222545.png,Car,Black,Volvo,2022-05-13 08:10:43.222
vehicle-detection-0202,16524295682386172.png,Car,White,Ford,2022-05-13 08:12:48.238
XenseDataset_1_0,16515032692867231.png,Truck,Black,Scania,2022-05-02 14:54:29.286
vehicle-detection-0202,1652429538687326.png,Car,White,Volvo,2022-05-13 08:12:18.687
person-vehicle-bike-detection-2002,1652364863505191.png,Car,Black,Volvo,2022-05-12 14:14:23.505
vehicle-detection-0202,165242948967445.png,Car,Blue,Unkown,2022-05-13 08:11:29.674
vehicle-detection-0202,16524295744102676.png,Car,White,Mini,2022-05-13 08:12:54.410
vehicle-detection-0202,16524296007132173.png,Car,Grey,Peugeot,2022-05-13 08:13:20.713
XenseDataset_1_0,16515033706033.png,Car,Gray,Volvo,2022-05-02 14:56:10.603
vehicle-detection-0202,16524294281857936.png,Truck,White,Man,2022-05-13 08:10:28.185
vehicle-detection-0202,16524294759169586.png,Van,Green,Unkown,2022-05-13 08:11:15.916
vehicle-detection-0202,16524295915952141.png,Truck,Blue,Scania,2022-05-13 08:13:11.595
person-vehicle-bike-detection-2002,16523648388698509.png,Car,White,BMW,2022-05-12 14:13:58.869
vehicle-detection-0202,16524295700039148.png,Van,Silver,Volkswagen,2022-05-13 08:12:50.003
person-vehicle-bike-detection-2002,16523648599757414.png,Van,Silver,Unkown,2022-05-12 14:14:19.975
person-vehicle-bike-detection-2002,16523648477186651.png,Van,White,Citroen,2022-05-12 14:14:07.718
person-vehicle-bike-detection-2002,1652364987121375.png,Truck,White,Mercedes,2022-05-12 14:16:27.121
vehicle-detection-0202,1652429519388451.png,Car,Silver,Volkswagen,2022-05-13 08:11:59.388
vehicle-detection-0202,16524294172307005.png,Car,Silver,Audi,2022-05-13 08:10:17.230
person-vehicle-bike-detection-2002,16523650721150048.png,Truck,White,Unkown,2022-05-12 14:17:52.115
person-vehicle-bike-detection-2002,16523648462094815.png,Car,Black,Volvo,2022-05-12 14:14:06.209
vehicle-detection-0202,16524294356848583.png,Truck,Orange,Scania,2022-05-13 08:10:35.684
vehicle-detection-0202,16524294948487053.png,Van,Black,Ford,2022-05-13 08:11:34.848
vehicle-detection-0202,1652429456926865.png,Car,Black,BMW,2022-05-13 08:10:56.926
vehicle-detection-0202,16524295891194448.png,Van,White,Citroen,2022-05-13 08:13:09.119
person-vehicle-bike-detection-2002,16523650686928844.png,Car,White,Mercedes,2022-05-12 14:17:48.692
vehicle-detection-0202,16524295754940078.png,Car,White,BMW,2022-05-13 08:12:55.494
vehicle-detection-0202,16524294678721101.png,Car,White,Audi,2022-05-13 08:11:07.872
person-vehicle-bike-detection-2002,16523649520211148.png,Car,White,Toyota,2022-05-12 14:15:52.021
vehicle-detection-0202,16524295967994034.png,Truck,Red,Scania,2022-05-13 08:13:16.799
XenseDataset_1_0,1651501750243972.png,Bus,White,Renault,2022-05-02 14:29:10.243
vehicle-detection-0202,1652429511086395.png,Car,Red,Volkswagen,2022-05-13 08:11:51.086
XenseDataset_1_0,16515033649558258.png,Bus,White,Man,2022-05-02 14:56:04.955
person-vehicle-bike-detection-2002,1652364704567869.png,Truck,White,Fiat,2022-05-12 14:11:44.567
vehicle-detection-0202,16524294737724326.png,Car,White,Volvo,2022-05-13 08:11:13.772
person-vehicle-bike-detection-2002,16523648631804063.png,Car,White,Mercedes,2022-05-12 14:14:23.180
person-vehicle-bike-detection-2002,16523651040968885.png,Car,Silver,Honda,2022-05-12 14:18:24.096
person-vehicle-bike-detection-2002,1652364907264614.png,Car,Black,BMW,2022-05-12 14:15:07.264
vehicle-detection-0202,16524295855566726.png,Truck,White,Mercedes,2022-05-13 08:13:05.556
person-vehicle-bike-detection-2002,16523650690777001.png,Van,White,Unkown,2022-05-12 14:17:49.077
vehicle-detection-0202,16524294317003222.png,Car,Grey,Volvo,2022-05-13 08:10:31.700
person-vehicle-bike-detection-2002,16523649805127072.png,Car,Grey,SAAB,2022-05-12 14:16:20.512
person-vehicle-bike-detection-2002,1652364948892311.png,Car,White,Volvo,2022-05-12 14:15:48.892
person-vehicle-bike-detection-2002,16523649242237663.png,Car,Black,Volvo,2022-05-12 14:15:24.223
vehicle-detection-0202,1652429517597036.png,Van,White,Volkswagen,2022-05-13 08:11:57.597
vehicle-detection-0202,16524295034443924.png,Car,Silver,Audi,2022-05-13 08:11:43.444
person-vehicle-bike-detection-2002,16523648293289726.png,Truck,White,Volvo,2022-05-12 14:13:49.328
vehicle-detection-0202,1652429403314124.png,Van,White,Fiat,2022-05-13 08:10:03.314
vehicle-detection-0202,16524295558389847.png,Trailer,White,Mercedes,2022-05-13 08:12:35.838
vehicle-detection-0202,16524294012443123.png,Car,White,Lexus,2022-05-13 08:10:01.244
person-vehicle-bike-detection-2002,16523647430242126.png,Car,Silver,Renualt,2022-05-12 14:12:23.024
vehicle-detection-0202,16524295132131696.png,Car,Red,Volvo,2022-05-13 08:11:53.213
person-vehicle-bike-detection-2002,16523648796278033.png,Car,Black,Renualt,2022-05-12 14:14:39.627
person-vehicle-bike-detection-2002,1652365114946431.png,Truck,White,Volvo,2022-05-12 14:18:34.946
vehicle-detection-0202,16524294436125517.png,Car,White,Ford,2022-05-13 08:10:43.612
vehicle-detection-0202,1652429451936469.png,Van,White,Peugeot,2022-05-13 08:10:51.936
person-vehicle-bike-detection-2002,16523647868773263.png,Car,Grey,Opel,2022-05-12 14:13:06.877
person-vehicle-bike-detection-2002,16523648658725352.png,Truck,White,Volvo,2022-05-12 14:14:25.872
person-vehicle-bike-detection-2002,16523647088522093.png,Car,Grey,Volvo,2022-05-12 14:11:48.852
vehicle-detection-0202,16524294158113813.png,Car,White,Peugeot,2022-05-13 08:10:15.811
vehicle-detection-0202,16524294759256206.png,Car,White,Volkswagen,2022-05-13 08:11:15.925
vehicle-detection-0202,1652429515742783.png,Van,Black,Volkswagen,2022-05-13 08:11:55.742
vehicle-detection-0202,1652429452297005.png,Car,Grey,Skoda,2022-05-13 08:10:52.297
person-vehicle-bike-detection-2002,1652364874498871.png,Truck,White,Scania,2022-05-12 14:14:34.498
vehicle-detection-0202,16524296043628764.png,Car,Black,Volvo,2022-05-13 08:13:24.362
person-vehicle-bike-detection-2002,16523647239749148.png,Car,Silver,Volvo,2022-05-12 14:12:03.974
person-vehicle-bike-detection-2002,16523648125771065.png,Car,Black,Mercedes,2022-05-12 14:13:32.577
person-vehicle-bike-detection-2002,16523647864747865.png,Van,White,Volkswagen,2022-05-12 14:13:06.474
person-vehicle-bike-detection-2002,16523648611853483.png,Car,Red,Unkown,2022-05-12 14:14:21.185
vehicle-detection-0202,16524294327267165.png,Van,White,Opel,2022-05-13 08:10:32.726
person-vehicle-bike-detection-2002,16523649867743666.png,Car,Silver,Nissan,2022-05-12 14:16:26.774
vehicle-detection-0202,16524294053507211.png,Car,Silver,SAAB,2022-05-13 08:10:05.350
person-vehicle-bike-detection-2002,16523650309100618.png,Car,White,Volvo,2022-05-12 14:17:10.910
vehicle-detection-0202,16524294486885483.png,Trailer,Grey,Unkown,2022-05-13 08:10:48.688
person-vehicle-bike-detection-2002,165236488463118.png,Trailer,White,Unkown,2022-05-12 14:14:44.631
XenseDataset_1_0,1651502700349343.png,Car,Gray,Volvo,2022-05-02 14:45:00.349
vehicle-detection-0202,16524294270561776.png,Truck,White,Volvo,2022-05-13 08:10:27.056
vehicle-detection-0202,16524295792582636.png,Car,Grey,Volvo,2022-05-13 08:12:59.258
vehicle-detection-0202,16524294728726406.png,Truck,Blue,Mercedes,2022-05-13 08:11:12.872
person-vehicle-bike-detection-2002,16523646812419205.png,Car,Black,Unkown,2022-05-12 14:11:21.241
person-vehicle-bike-detection-2002,1652365094553673.png,Truck,White,Volvo,2022-05-12 14:18:14.553
person-vehicle-bike-detection-2002,16523647726241286.png,Car,White,BMW,2022-05-12 14:12:52.624
vehicle-detection-0202,1652429424553607.png,Car,Silver,Nissan,2022-05-13 08:10:24.553
XenseDataset_1_0,1651502700227543.png,Bus,White,Man,2022-05-02 14:45:00.227
person-vehicle-bike-detection-2002,16523649032656455.png,Car,Brown,Volkswagen,2022-05-12 14:15:03.265
vehicle-detection-0202,16524294356786735.png,Car,White,Volkswagen,2022-05-13 08:10:35.678
person-vehicle-bike-detection-2002,16523648289584424.png,Car,White,Nissan,2022-05-12 14:13:48.958
vehicle-detection-0202,16524294755152297.png,Car,White,Volkswagen,2022-05-13 08:11:15.515
vehicle-detection-0202,16524294238482435.png,Car,Black,Audi,2022-05-13 08:10:23.848
person-vehicle-bike-detection-2002,16523647092417278.png,Car,White,Volvo,2022-05-12 14:11:49.241
vehicle-detection-0202,16524295139044545.png,Car,Black,Volvo,2022-05-13 08:11:53.904
vehicle-detection-0202,1652429510049616.png,Car,Black,Audi,2022-05-13 08:11:50.049
vehicle-detection-0202,16524294642579327.png,Car,Black,Volvo,2022-05-13 08:11:04.257
vehicle-detection-0202,16524294776655698.png,Car,Grey,Mitsubishi,2022-05-13 08:11:17.665
vehicle-detection-0202,16524294224961972.png,Car,Blue,Toyota,2022-05-13 08:10:22.496
vehicle-detection-0202,16524295079367087.png,Car,Silver,SAAB,2022-05-13 08:11:47.936
vehicle-detection-0202,16524295179259465.png,Van,White,Volkswagen,2022-05-13 08:11:57.925
person-vehicle-bike-detection-2002,1652364936551108.png,Car,Silver,Honda,2022-05-12 14:15:36.551
person-vehicle-bike-detection-2002,16523647358045564.png,Car,Black,Audi,2022-05-12 14:12:15.804
vehicle-detection-0202,16524295646689196.png,Car,Black,Mitsubishi,2022-05-13 08:12:44.668
person-vehicle-bike-detection-2002,1652364881557394.png,Car,White,Citroen,2022-05-12 14:14:41.557
vehicle-detection-0202,16524294302955186.png,Car,Red,Honda,2022-05-13 08:10:30.295
vehicle-detection-0202,16524295038047373.png,Car,Silver,Audi,2022-05-13 08:11:43.804
vehicle-detection-0202,16524294102257862.png,Car,Silver,Mazda,2022-05-13 08:10:10.225
vehicle-detection-0202,16524294682432835.png,Van,White,Volkswagen,2022-05-13 08:11:08.243
person-vehicle-bike-detection-2002,16523646792171848.png,Trailer,Grey,Unkown,2022-05-12 14:11:19.217
vehicle-detection-0202,1652429555851685.png,Van,Green,Volkswagen,2022-05-13 08:12:35.851
person-vehicle-bike-detection-2002,16523649887207468.png,Car,Black,Audi,2022-05-12 14:16:28.720
person-vehicle-bike-detection-2002,16523649674331355.png,Car,Silver,Mazda,2022-05-12 14:16:07.433
vehicle-detection-0202,16524295533571215.png,Car,Grey,Honda,2022-05-13 08:12:33.357
person-vehicle-bike-detection-2002,1652364991248143.png,Car,Black,Unkown,2022-05-12 14:16:31.248
person-vehicle-bike-detection-2002,16523650210973947.png,Car,Grey,Unkown,2022-05-12 14:17:01.097
vehicle-detection-0202,16524296003676875.png,Car,White,Kia,2022-05-13 08:13:20.367
person-vehicle-bike-detection-2002,1652364847038669.png,Car,Black,Volvo,2022-05-12 14:14:07.038
vehicle-detection-0202,16524294323943796.png,Van,White,Opel,2022-05-13 08:10:32.394
person-vehicle-bike-detection-2002,16523647216675103.png,Truck,White,Volkswagen,2022-05-12 14:12:01.667
person-vehicle-bike-detection-2002,16523649553350754.png,Truck,Green,Volvo,2022-05-12 14:15:55.335
person-vehicle-bike-detection-2002,16523649714594762.png,Car,White,Mercedes,2022-05-12 14:16:11.459
person-vehicle-bike-detection-2002,1652364661510344.png,Car,Silver,Unkown,2022-05-12 14:11:01.510
person-vehicle-bike-detection-2002,1652364658584745.png,Van,Grey,Volkswagen,2022-05-12 14:10:58.584
person-vehicle-bike-detection-2002,1652364863150206.png,Car,Grey,Toyota,2022-05-12 14:14:23.150
XenseDataset_1_0,1651503335610139.png,Truck,Black,Scania,2022-05-02 14:55:35.610
person-vehicle-bike-detection-2002,16523648085937135.png,Car,Silver,Volvo,2022-05-12 14:13:28.593
vehicle-detection-0202,1652429568933179.png,Pickup,Black,Toyota,2022-05-13 08:12:48.933
vehicle-detection-0202,16524295197512681.png,Car,White,Land rover,2022-05-13 08:11:59.751
person-vehicle-bike-detection-2002,16523650071176124.png,Truck,White,Volvo,2022-05-12 14:16:47.117
vehicle-detection-0202,16524295425938737.png,Truck,White,Scania,2022-05-13 08:12:22.593
vehicle-detection-0202,16524294046753447.png,Car,Grey,Skoda,2022-05-13 08:10:04.675
vehicle-detection-0202,1652429411261755.png,Van,White,Unkown,2022-05-13 08:10:11.261
vehicle-detection-0202,1652429407721119.png,Pickup,White,Mazda,2022-05-13 08:10:07.721
person-vehicle-bike-detection-2002,16523649414954696.png,Car,Silver,Unkown,2022-05-12 14:15:41.495
person-vehicle-bike-detection-2002,16523650114022067.png,Car,White,Volkswagen,2022-05-12 14:16:51.402
XenseDataset_1_0,165150334675982.png,Truck,Black,Scania,2022-05-02 14:55:46.759
person-vehicle-bike-detection-2002,16523648635496411.png,Car,White,Unkown,2022-05-12 14:14:23.549
vehicle-detection-0202,16524295045252917.png,Truck,White,Mercedes,2022-05-13 08:11:44.525
vehicle-detection-0202,16524296003779557.png,Car,Grey,Peugeot,2022-05-13 08:13:20.377
vehicle-detection-0202,16524294842079122.png,Car,Silver,Volkswagen,2022-05-13 08:11:24.207
vehicle-detection-0202,16524296039659598.png,Car,Black,Toyota,2022-05-13 08:13:23.965
person-vehicle-bike-detection-2002,16523649330247035.png,Truck,Orange,Unkown,2022-05-12 14:15:33.024
vehicle-detection-0202,1652429551486823.png,Van,White,Renault,2022-05-13 08:12:31.486
vehicle-detection-0202,16524295348435876.png,Trailer,Grey,Mercedes,2022-05-13 08:12:14.843
person-vehicle-bike-detection-2002,16523648003188267.png,Car,Black,Seat,2022-05-12 14:13:20.318
vehicle-detection-0202,16524295525294316.png,Car,Black,BMW,2022-05-13 08:12:32.529
person-vehicle-bike-detection-2002,16523651013274314.png,Car,Black,Mazda,2022-05-12 14:18:21.327
vehicle-detection-0202,16524294951958523.png,Van,Black,Ford,2022-05-13 08:11:35.195
person-vehicle-bike-detection-2002,16523650541901314.png,Car,Brown,Renualt,2022-05-12 14:17:34.190
vehicle-detection-0202,16524294137049723.png,Pickup,Black,Unkown,2022-05-13 08:10:13.704
vehicle-detection-0202,165242955705176.png,Van,Silver,Volkswagen,2022-05-13 08:12:37.051
vehicle-detection-0202,1652429530379314.png,Car,Blue,Unkown,2022-05-13 08:12:10.379
person-vehicle-bike-detection-2002,16523650700274599.png,Car,Blue,Unkown,2022-05-12 14:17:50.027
vehicle-detection-0202,1652429474108424.png,Truck,White,Ford,2022-05-13 08:11:14.108
vehicle-detection-0202,1652429401630056.png,Car,Black,Volvo,2022-05-13 08:10:01.630
vehicle-detection-0202,16524294766292315.png,Car,Black,Volvo,2022-05-13 08:11:16.629
vehicle-detection-0202,16524295146233187.png,Car,Grey,Volvo,2022-05-13 08:11:54.623
vehicle-detection-0202,1652429472508813.png,Truck,Blue,Mercedes,2022-05-13 08:11:12.508
person-vehicle-bike-detection-2002,16523649949280171.png,Car,Black,Unkown,2022-05-12 14:16:34.928
vehicle-detection-0202,16524294262904115.png,Truck,Red,Renault,2022-05-13 08:10:26.290
person-vehicle-bike-detection-2002,16523649020893.png,Truck,Yellow,Unkown,2022-05-12 14:15:02.089
vehicle-detection-0202,165242958137647.png,Van,Blue,Ford,2022-05-13 08:13:01.376
person-vehicle-bike-detection-2002,16523650675623343.png,Car,Silver,Unkown,2022-05-12 14:17:47.562
person-vehicle-bike-detection-2002,1652364668927546.png,Car,Silver,Volvo,2022-05-12 14:11:08.927
person-vehicle-bike-detection-2002,1652364686250587.png,Truck,Orange,Unkown,2022-05-12 14:11:26.250
person-vehicle-bike-detection-2002,16523647514476168.png,Car,Black,Volkswagen,2022-05-12 14:12:31.447
vehicle-detection-0202,16524294608430896.png,Car,Black,Audi,2022-05-13 08:11:00.843
person-vehicle-bike-detection-2002,16523646890389674.png,Van,Silver,Opel,2022-05-12 14:11:29.038
vehicle-detection-0202,16524294186247878.png,Car,White,Unkown,2022-05-13 08:10:18.624
vehicle-detection-0202,16524295614782774.png,Car,Black,Volvo,2022-05-13 08:12:41.478
vehicle-detection-0202,16524295200861745.png,Car,Black,Renault,2022-05-13 08:12:00.086
person-vehicle-bike-detection-2002,16523647960051436.png,Car,White,Volvo,2022-05-12 14:13:16.005
vehicle-detection-0202,1652429469648349.png,Car,White,Audi,2022-05-13 08:11:09.648
person-vehicle-bike-detection-2002,16523649213230324.png,Car,Black,Citroen,2022-05-12 14:15:21.323
person-vehicle-bike-detection-2002,16523648939767563.png,Van,White,Mercedes,2022-05-12 14:14:53.976
vehicle-detection-0202,16524294921714637.png,Van,Black,Ford,2022-05-13 08:11:32.171
vehicle-detection-0202,16524295827806115.png,Car,Grey,Volkswagen,2022-05-13 08:13:02.780
vehicle-detection-0202,16524294411357148.png,Car,Silver,Kia,2022-05-13 08:10:41.135
vehicle-detection-0202,1652429500543714.png,Van,White,Ford,2022-05-13 08:11:40.543
person-vehicle-bike-detection-2002,16523647296073065.png,Car,White,Volkswagen,2022-05-12 14:12:09.607
vehicle-detection-0202,1652429526173817.png,Car,Black,Volvo,2022-05-13 08:12:06.173
person-vehicle-bike-detection-2002,16523648130266259.png,Car,Grey,Renualt,2022-05-12 14:13:33.026
vehicle-detection-0202,16524295529562845.png,Car,Black,Kia,2022-05-13 08:12:32.956
person-vehicle-bike-detection-2002,16523650316092155.png,Car,Grey,Audi,2022-05-12 14:17:11.609
person-vehicle-bike-detection-2002,16523650450729666.png,Car,Black,BMW,2022-05-12 14:17:25.072
vehicle-detection-0202,16524295275310476.png,Car,Silver,Toyota,2022-05-13 08:12:07.531
vehicle-detection-0202,16524294934324188.png,Van,White,Nissan,2022-05-13 08:11:33.432
person-vehicle-bike-detection-2002,16523648428903677.png,Car,White,Renualt,2022-05-12 14:14:02.890
person-vehicle-bike-detection-2002,16523647545859592.png,Car,Red,Honda,2022-05-12 14:12:34.585
person-vehicle-bike-detection-2002,16523648841365142.png,Car,Black,Volkswagen,2022-05-12 14:14:44.136
vehicle-detection-0202,16524295838024127.png,Car,Red,Volkswagen,2022-05-13 08:13:03.802
person-vehicle-bike-detection-2002,16523647338923285.png,Car,Black,Toyota,2022-05-12 14:12:13.892
vehicle-detection-0202,165242958840899.png,Car,Silver,Toyota,2022-05-13 08:13:08.408
vehicle-detection-0202,1652429404308119.png,Car,Grey,Skoda,2022-05-13 08:10:04.308
vehicle-detection-0202,1652429576004697.png,Car,Blue,Volvo,2022-05-13 08:12:56.004
vehicle-detection-0202,16524295348475916.png,Car,Black,Volvo,2022-05-13 08:12:14.847
vehicle-detection-0202,16524295146246648.png,Car,Black,Volvo,2022-05-13 08:11:54.624
vehicle-detection-0202,1652429579663003.png,Car,Grey,Audi,2022-05-13 08:12:59.663
vehicle-detection-0202,16524295311273246.png,Caravan,Grey,Unkown,2022-05-13 08:12:11.127
person-vehicle-bike-detection-2002,16523649546508737.png,Car,White,Toyota,2022-05-12 14:15:54.650
person-vehicle-bike-detection-2002,16523648259288592.png,Van,White,Renualt,2022-05-12 14:13:45.928
vehicle-detection-0202,1652429484202269.png,Car,Black,Honda,2022-05-13 08:11:24.202
person-vehicle-bike-detection-2002,16523646961388085.png,Truck,White,DAF,2022-05-12 14:11:36.138
person-vehicle-bike-detection-2002,16523648037811217.png,Car,Black,Volvo,2022-05-12 14:13:23.781
person-vehicle-bike-detection-2002,16523647227970784.png,Car,Brown,Volkswagen,2022-05-12 14:12:02.797
vehicle-detection-0202,16524294285436027.png,Truck,White,Man,2022-05-13 08:10:28.543
person-vehicle-bike-detection-2002,16523646600599194.png,Van,White,Unkown,2022-05-12 14:11:00.059
vehicle-detection-0202,16524294601577163.png,Car,Blue,Subaru,2022-05-13 08:11:00.157
XenseDataset_1_0,1651503353443446.png,Car,Gray,Volvo,2022-05-02 14:55:53.443
person-vehicle-bike-detection-2002,16523651064030619.png,Car,Blue,Nissan,2022-05-12 14:18:26.403
vehicle-detection-0202,16524294773375015.png,Car,Grey,Mitsubishi,2022-05-13 08:11:17.337
vehicle-detection-0202,16524294965764668.png,Car,Black,Volvo,2022-05-13 08:11:36.576
person-vehicle-bike-detection-2002,16523649065549867.png,Car,Silver,Opel,2022-05-12 14:15:06.554
vehicle-detection-0202,165242956326547.png,Car,Red,Opel,2022-05-13 08:12:43.265
person-vehicle-bike-detection-2002,16523648370607727.png,Van,White,Unkown,2022-05-12 14:13:57.060
vehicle-detection-0202,16524295597345095.png,Trailer,Blue,Renault,2022-05-13 08:12:39.734
XenseDataset_1_0,1651501747645501.png,Bus,White,Renault,2022-05-02 14:29:07.645
XenseDataset_1_0,165150334414547.png,Truck,White,Scania,2022-05-02 14:55:44.145
vehicle-detection-0202,16524295471562786.png,Car,Black,Volkswagen,2022-05-13 08:12:27.156
vehicle-detection-0202,16524295781870215.png,Car,White,Volvo,2022-05-13 08:12:58.187
XenseDataset_1_0,16515017824715068.png,Bus,White,Man,2022-05-02 14:29:42.471
XenseDataset_1_0,1651503343419019.png,Bus,White,Man,2022-05-02 14:55:43.419
vehicle-detection-0202,1652429445050507.png,Car,Silver,Volkswagen,2022-05-13 08:10:45.050
person-vehicle-bike-detection-2002,16523647073156397.png,Car,Grey,Volkswagen,2022-05-12 14:11:47.315
vehicle-detection-0202,16524294952019808.png,Car,Grey,Volvo,2022-05-13 08:11:35.201
vehicle-detection-0202,16524295444786255.png,Car,Silver,Mitsubishi,2022-05-13 08:12:24.478
vehicle-detection-0202,16524295164975798.png,Car,White,Audi,2022-05-13 08:11:56.497
vehicle-detection-0202,16524295314929454.png,Car,White,Volvo,2022-05-13 08:12:11.492
person-vehicle-bike-detection-2002,16523646524783647.png,Truck,White,Unkown,2022-05-12 14:10:52.478
vehicle-detection-0202,16524294341206372.png,Car,Silver,Volvo,2022-05-13 08:10:34.120
vehicle-detection-0202,16524294415032256.png,Car,Silver,Kia,2022-05-13 08:10:41.503
person-vehicle-bike-detection-2002,16523649441445947.png,Car,White,Toyota,2022-05-12 14:15:44.144
vehicle-detection-0202,16524295149827485.png,Car,Grey,Volvo,2022-05-13 08:11:54.982
